time/iterations,time/total_timesteps,rollout/ep_len_mean,time/fps,time/time_elapsed,rollout/ep_rew_mean,train/approx_kl,train/entropy_loss,train/clip_fraction,train/n_updates,train/clip_range,train/loss,train/explained_variance,train/learning_rate,train/policy_gradient_loss,train/value_loss
1,2048,500.0,17,114,-3547.981689453125,,,,,,,,,,
2,4096,500.0,18,222,-3329.99365234375,1.4399529,-1.510305722989142,0.752734375,10,0.2,258.6207275390625,6.681680679321289e-05,0.0003,0.18403124455944636,1784.4510306358338
3,6144,500.0,19,319,-3292.625,9.187227,-0.13433626829194747,0.948193359375,20,0.2,67.36801147460938,-0.08577179908752441,0.0003,0.29264832437038424,512.8811288833618
4,8192,500.0,19,417,-3244.6650390625,0.0,-5.6104475152154996e-08,0.0,30,0.2,153.9212646484375,0.14713090658187866,0.0003,2.0507286535575986e-08,291.68958766162393
5,10240,500.0,19,515,-3216.08349609375,0.0,-6.153725534783355e-10,0.0,40,0.2,49.3924674987793,0.01559150218963623,0.0003,-3.61127604264766e-08,154.3644858762622
6,12288,500.0,19,617,-3196.833984375,0.0,-1.4396967209433058e-11,0.0,50,0.2,34.41820526123047,0.015893876552581787,0.0003,-7.108610589057207e-09,132.04267740100622
7,14336,500.0,19,718,-3183.261474609375,0.0,-5.409649149249473e-13,0.0,60,0.2,25.299774169921875,0.011703014373779297,0.0003,-4.46016201749444e-10,88.52569160014392
8,16384,500.0,20,815,-3173.052490234375,0.0,-5.545214723378945e-14,0.0,70,0.2,30.875268936157227,0.029781460762023926,0.0003,-5.01429894939065e-08,77.23208725526929
9,18432,500.0,20,913,-3165.181884765625,0.0,-7.063547072823777e-15,0.0,80,0.2,35.23905944824219,0.04127734899520874,0.0003,5.9051671996712685e-08,80.73140427917242
10,20480,500.0,20,1011,-3158.56640625,0.0,-7.377573034086659e-16,0.0,90,0.2,3.398540735244751,0.05641287565231323,0.0003,2.7803616831079127e-08,89.77408944666385
11,22528,500.0,20,1122,-3152.20166015625,0.0,-9.696771696866275e-17,0.0,100,0.2,21.141555786132812,0.08409512042999268,0.0003,1.0185249266214668e-08,66.50577989593148
12,24576,500.0,20,1220,-3148.0498046875,0.0,-2.6451522872547834e-17,0.0,110,0.2,25.96613121032715,0.08291703462600708,0.0003,-1.3390672393143178e-08,48.55728138759732
13,26624,500.0,20,1319,-3144.6376953125,0.0,-5.318998171673211e-18,0.0,120,0.2,40.566226959228516,0.2162611484527588,0.0003,2.0306470105424524e-08,36.88574443385005
14,28672,500.0,20,1417,-3141.63330078125,0.0,-3.132022994617902e-18,0.0,130,0.2,10.056097984313965,0.2182602882385254,0.0003,-1.3200042303651572e-08,80.28110348582268
15,30720,500.0,20,1518,-3139.082275390625,0.0,-9.3093240183528e-19,0.0,140,0.2,49.11146545410156,0.26010024547576904,0.0003,-2.735396265052259e-09,63.507404015213254
16,32768,500.0,20,1616,-3136.795654296875,0.0,-7.121956745247121e-19,0.0,150,0.2,34.483314514160156,0.2593739628791809,0.0003,-1.8138962332159282e-09,60.761902290582654
17,34816,500.0,20,1714,-3134.680419921875,0.0,-5.323024270467848e-19,0.0,160,0.2,25.720232009887695,0.2838773727416992,0.0003,9.562791092321276e-09,60.539194636046886
18,36864,500.0,20,1812,-3132.907470703125,0.0,-3.973727099771087e-19,0.0,170,0.2,35.391109466552734,0.27837711572647095,0.0003,-2.3309257812798023e-08,60.488756159693004
19,38912,500.0,20,1910,-3131.17236328125,0.0,-3.487118685887213e-19,0.0,180,0.2,36.95343017578125,0.2841142416000366,0.0003,-9.854556992650033e-09,59.72800870463252
20,40960,500.0,20,2013,-3129.678955078125,0.0,-3.0505908425742594e-19,0.0,190,0.2,30.182321548461914,0.2638254165649414,0.0003,-7.82747520133853e-09,59.28849218860269
21,43008,500.0,20,2123,-3128.02001953125,0.0,-2.549241982125191e-19,0.0,200,0.2,19.832185745239258,0.3179360032081604,0.0003,-1.8277205526828765e-09,60.27165778577328
22,45056,500.0,20,2221,-3126.869140625,0.0,-2.127010541657578e-19,0.0,210,0.2,25.47055435180664,0.29934805631637573,0.0003,5.1273673307150606e-09,58.378963770717384
23,47104,500.0,20,2322,-3125.81982421875,0.0,-1.8008922043889566e-19,0.0,220,0.2,42.991920471191406,0.30778229236602783,0.0003,-1.4263787306845189e-08,60.45068944245577
24,49152,500.0,20,2420,-3124.80810546875,0.0,-2.0283556160357354e-19,0.0,230,0.2,21.931915283203125,-0.1361933946609497,0.0003,-2.184970071539283e-09,55.445085948705675
25,51200,500.0,20,2518,-3115.48291015625,0.0,-1.6701569497610943e-19,0.0,240,0.2,6.649287223815918,0.2896319031715393,0.0003,-2.821980160661042e-09,33.6887499012053
26,53248,500.0,20,2616,-3111.610107421875,0.0,-1.6071987640641594e-19,0.0,250,0.2,32.0055046081543,0.43000370264053345,0.0003,4.511457518674433e-09,58.05145677886903
27,55296,500.0,20,2715,-3101.3798828125,0.0,-5.281041131866077e-20,0.0,260,0.2,3.1402361392974854,0.4821092486381531,0.0003,-1.0503572411835193e-08,7.413987495750189
28,57344,500.0,20,2816,-3101.3896484375,0.0,-4.878690232029661e-20,0.0,270,0.2,0.8390262126922607,0.5524435043334961,0.0003,-1.6167177818715572e-09,20.34972730912268
29,59392,500.0,20,2914,-3101.441162109375,0.0,-4.293001257712662e-20,0.0,280,0.2,29.804298400878906,0.24641138315200806,0.0003,3.714376362040639e-09,35.03273864798248
30,61440,500.0,20,3012,-3101.474609375,0.0,-3.418280120925946e-20,0.0,290,0.2,22.647472381591797,0.3970159888267517,0.0003,-4.320463631302118e-09,57.745548417791724
31,63488,500.0,20,3115,-3101.578369140625,0.0,-3.169916088294781e-20,0.0,300,0.2,22.355043411254883,0.5756376385688782,0.0003,-2.7459464035928248e-09,57.67315745539963
32,65536,500.0,20,3225,-3101.607177734375,0.0,-2.974634701361007e-20,0.0,310,0.2,3.640655994415283,0.5613175630569458,0.0003,2.610249794088304e-09,39.05490729212761
33,67584,500.0,20,3323,-3101.566162109375,0.0,-2.935046563501122e-20,0.0,320,0.2,1.5867666006088257,0.6314923763275146,0.0003,2.000888343900442e-10,25.135013958998023
34,69632,500.0,20,3424,-3101.754150390625,0.0,-2.944023276546461e-20,0.0,330,0.2,0.8346571922302246,0.6629904508590698,0.0003,1.9754224922508e-09,24.923353641107678
35,71680,500.0,20,3526,-3101.6884765625,0.0,-2.0052032771982704e-20,0.0,340,0.2,1.480268955230713,0.710728645324707,0.0003,-1.0538497008383275e-08,14.956461618468165
36,73728,500.0,20,3628,-3101.719482421875,0.0,-1.7771614811166418e-20,0.0,350,0.2,1.7070221900939941,0.7333329319953918,0.0003,2.567685442045331e-09,7.279744658991694
37,75776,500.0,20,3726,-3101.707275390625,0.0,-1.773986303603788e-20,0.0,360,0.2,2.7400190830230713,0.7175936698913574,0.0003,-2.644082996994257e-09,6.785134921967983
38,77824,500.0,20,3824,-3101.61083984375,0.0,-1.7990967059767046e-20,0.0,370,0.2,1.4597606658935547,0.7429318428039551,0.0003,4.357571015134454e-09,6.72355688214302
39,79872,500.0,20,3922,-3101.599365234375,0.0,-1.7857155651505606e-20,0.0,380,0.2,2.1447243690490723,0.7428897619247437,0.0003,-6.773916538804769e-10,6.855530658364296
40,81920,500.0,20,4020,-3101.56591796875,0.0,-1.7632944216628497e-20,0.0,390,0.2,1.5523604154586792,0.7698562145233154,0.0003,-7.843482308089733e-10,6.783684122934938
41,83968,500.0,20,4117,-3101.5048828125,0.0,-1.749647617222505e-20,0.0,400,0.2,1.7711973190307617,0.760664701461792,0.0003,2.6746420189738275e-09,6.525942787528038
42,86016,500.0,20,4231,-3101.468505859375,0.0,-1.7707320940926995e-20,0.0,410,0.2,2.4237706661224365,0.7761821746826172,0.0003,-6.840127753093839e-09,6.446703162044287
43,88064,500.0,20,4328,-3101.507568359375,0.0,-1.7933287988904117e-20,0.0,420,0.2,1.8463624715805054,0.7732809782028198,0.0003,5.997571861371398e-09,6.574868910014629
44,90112,500.0,20,4429,-3101.522705078125,0.0,-1.8361038568048222e-20,0.0,430,0.2,2.24761962890625,0.7913933396339417,0.0003,1.1074007488787173e-09,6.185953291505575
45,92160,500.0,20,4527,-3101.608642578125,0.0,-1.8788730173213232e-20,0.0,440,0.2,1.9283288717269897,0.7956826090812683,0.0003,-1.4500983525067569e-09,6.182222986966371
46,94208,500.0,20,4625,-3101.567138671875,0.0,-1.852919540492553e-20,0.0,450,0.2,1.5615836381912231,0.7568999528884888,0.0003,-4.330286174081266e-09,6.5068668510764835
47,96256,500.0,20,4724,-3101.50634765625,0.0,-1.842607329606015e-20,0.0,460,0.2,2.2539126873016357,0.8110530376434326,0.0003,-7.756170816719532e-09,6.16989217326045
48,98304,500.0,20,4823,-3101.48779296875,0.0,-1.848055556932028e-20,0.0,470,0.2,1.5055503845214844,0.7821069359779358,0.0003,3.7405698094516994e-09,6.35706433467567
49,100352,500.0,20,4921,-3101.4677734375,0.0,-1.873341341890619e-20,0.0,480,0.2,2.5717885494232178,0.7931492328643799,0.0003,-1.9397702999413015e-09,5.954843312501907
