train/value_loss,rollout/ep_rew_mean,time/fps,train/explained_variance,train/n_updates,rollout/ep_len_mean,time/time_elapsed,time/total_timesteps,train/policy_loss,time/iterations,train/learning_rate,train/entropy_loss
0.0001200874539790675,1.0,9,-156.45982360839844,99,406.0,55,500,-0.011018620803952217,100,0.0007,-2.3011183738708496
5.952217543381266e-05,0.5,11,-442.5668640136719,199,437.5,84,1000,0.006501900497823954,200,0.0007,-2.302107334136963
0.00010908963304245844,0.6666666865348816,13,-23.83734130859375,299,487.0,112,1500,-0.02341236174106598,300,0.0007,-2.3015246391296387
3.967016891692765e-05,0.6666666865348816,15,-116.02485656738281,399,487.0,128,2000,0.01142635103315115,400,0.0007,-2.301382541656494
5.422441063274164e-06,0.6666666865348816,17,-41.943241119384766,499,487.0,146,2500,-0.004331559408456087,500,0.0007,-2.302004814147949
6.725847015331965e-06,0.6666666865348816,17,-61.679161071777344,599,487.0,171,3000,0.0049690972082316875,600,0.0007,-2.302241563796997
4.7249045564967673e-07,0.6666666865348816,18,-260.6468505859375,699,487.0,188,3500,-0.0003173530858475715,700,0.0007,-2.3023548126220703
8.361148502444848e-07,0.6666666865348816,19,-372.66778564453125,799,487.0,204,4000,0.00119840691331774,800,0.0007,-2.3023104667663574
2.2184386239132436e-07,0.6666666865348816,20,-538.6170043945312,899,487.0,219,4500,-0.0005064650322310627,900,0.0007,-2.3023312091827393
1.6215541336350725e-06,0.6666666865348816,21,-374.0306701660156,999,487.0,234,5000,-0.0008192368550226092,1000,0.0007,-2.3022727966308594
1.5854723756092426e-08,0.5,20,-2.9867923259735107,1099,1365.25,268,5500,-0.00019321523723192513,1100,0.0007,-2.3023133277893066
1.6498190689162584e-06,0.5,21,-61.452857971191406,1199,1365.25,283,6000,-0.0020364101510494947,1200,0.0007,-2.302220106124878
1.2530700814750162e-06,0.6000000238418579,20,-8.580296516418457,1299,1201.8,314,6500,-0.0013869783142581582,1300,0.0007,-2.3021399974823
4.130546221858822e-05,0.6666666865348816,20,-78.5165023803711,1399,1101.5,342,7000,0.006953365169465542,1400,0.0007,-2.301203489303589
4.614606950781308e-06,0.625,19,-100.82401275634766,1499,929.5,391,7500,-0.0007745159673504531,1500,0.0007,-2.298459053039551
5.23753715242492e-06,0.6666666865348816,19,-262.9742736816406,1599,877.3333333333334,419,8000,0.003965661861002445,1600,0.0007,-2.298464775085449
3.93399295717245e-06,0.699999988079071,18,-6.252328395843506,1699,848.0,447,8500,0.002418721094727516,1700,0.0007,-2.3017144203186035
2.8774943530152086e-06,0.7272727489471436,18,0.25579822063446045,1799,811.0,479,9000,-0.0036206983495503664,1800,0.0007,-2.3014638423919678
7.1511212809127755e-06,0.6666666865348816,18,-241.76589965820312,1899,771.9166666666666,510,9500,-0.004383309278637171,1900,0.0007,-2.3013787269592285
7.53422057186981e-07,0.6153846383094788,18,-0.14699769020080566,1999,736.2307692307693,539,10000,-0.0018242824589833617,2000,0.0007,-2.3009488582611084
8.712110854958155e-08,0.6428571343421936,18,1.1920928955078125e-07,2099,715.4285714285714,570,10500,-0.000608820584602654,2100,0.0007,-2.3009908199310303
1.0796502465382218e-06,0.6666666865348816,18,0.0,2199,724.8666666666667,602,11000,-0.0021912597585469484,2200,0.0007,-2.300687074661255
1.878155899248668e-06,0.6875,18,0.5059278011322021,2299,709.1875,635,11500,-0.0029931210447102785,2300,0.0007,-2.300161600112915
2.007625425903825e-06,0.7058823704719543,17,5.960464477539063e-08,2399,696.4705882352941,669,12000,-0.0029452666640281677,2400,0.0007,-2.299285888671875
0.00012788016465492547,0.7222222089767456,17,-812.52783203125,2499,683.8888888888889,696,12500,0.022980626672506332,2500,0.0007,-2.299650192260742
8.387135494558606e-06,0.7368420958518982,17,-1.1525547504425049,2599,670.8421052631579,727,13000,-0.005948087200522423,2600,0.0007,-2.2980682849884033
4.049382368975785e-06,0.75,17,0.0,2699,663.55,757,13500,-0.004066401161253452,2700,0.0007,-2.295767307281494
2.5843357889243634e-06,0.761904776096344,17,0.0,2799,663.8095238095239,789,14000,-0.0034111447166651487,2800,0.0007,-2.2925424575805664
4.4171529225423e-06,0.7727272510528564,17,0.0,2899,656.9090909090909,820,14500,-0.004231363069266081,2900,0.0007,-2.2896580696105957
7.823118721717037e-07,0.7727272510528564,17,0.0,2999,656.9090909090909,839,15000,-0.0017908855807036161,3000,0.0007,-2.289030075073242
3.500550604940145e-08,0.7727272510528564,18,0.0,3099,656.9090909090909,857,15500,-0.00037825977778993547,3100,0.0007,-2.2886717319488525
3.096835635152395e-11,0.7727272510528564,18,-1.1920928955078125e-07,3199,656.9090909090909,875,16000,-1.1262495718256105e-05,3200,0.0007,-2.2886393070220947
1.1406927648543314e-13,0.7727272510528564,18,0.0,3299,656.9090909090909,890,16500,-7.184525543380005e-07,3300,0.0007,-2.288835048675537
1.8612858154665646e-16,0.7727272510528564,18,0.0,3399,656.9090909090909,902,17000,3.397522618797666e-08,3400,0.0007,-2.2888307571411133
9.326559489986064e-12,0.7727272510528564,19,0.0,3499,656.9090909090909,917,17500,6.427017069654539e-06,3500,0.0007,-2.288738250732422
3.056464857684876e-14,0.7727272510528564,19,0.0,3599,656.9090909090909,933,18000,-3.520144105095824e-07,3600,0.0007,-2.2887468338012695
6.014627516449158e-18,0.739130437374115,19,0.0,3699,802.2608695652174,962,18500,-2.5008213277999403e-09,3700,0.0007,-2.288562297821045
2.9803511546709627e-14,0.739130437374115,19,0.0,3799,802.2608695652174,979,19000,3.6134071024207515e-07,3800,0.0007,-2.2900984287261963
2.4881314892909255e-17,0.739130437374115,19,0.0,3899,802.2608695652174,995,19500,-9.813189372209763e-09,3900,0.0007,-2.290097236633301
9.266739628053548e-17,0.739130437374115,19,-1.1920928955078125e-07,3999,802.2608695652174,1007,20000,-1.3820958599808364e-08,4000,0.0007,-2.29009747505188
2.581774793952718e-09,0.739130437374115,20,0.0,4099,802.2608695652174,1021,20500,0.0001076492335414514,4100,0.0007,-2.2898271083831787
3.849853088160216e-17,0.739130437374115,20,0.0,4199,802.2608695652174,1041,21000,1.3492983619300958e-08,4200,0.0007,-2.289853811264038
1.5156738074996996e-17,0.739130437374115,20,0.0,4299,802.2608695652174,1059,21500,8.204934509592476e-09,4300,0.0007,-2.289853811264038
0.0,0.739130437374115,20,nan,4399,802.2608695652174,1079,22000,-0.0,4400,0.0007,-2.289533853530884
4.1577293812802076e-17,0.7083333134651184,20,-1.1920928955078125e-07,4499,935.5,1117,22500,1.3424481082324746e-08,4500,0.0007,-2.290134906768799
6.8860376813972834e-06,0.7200000286102295,19,-0.31609630584716797,4599,910.48,1153,23000,-0.005097680725157261,4600,0.0007,-2.2768473625183105
2.1819273570145015e-06,0.7307692170143127,19,0.5000924468040466,4699,889.7692307692307,1184,23500,-0.003049875143915415,4700,0.0007,-2.25750470161438
5.460424858938495e-07,0.7407407164573669,19,-41.339046478271484,4799,878.7037037037037,1216,24000,-0.00011026603169739246,4800,0.0007,-2.254756212234497
5.2843737648800015e-05,0.7241379022598267,19,-16.618066787719727,4899,844.7586206896551,1260,24500,0.013564914464950562,4900,0.0007,-2.153473138809204
1.4777268006582744e-05,0.7241379022598267,19,0.19159245491027832,4999,844.7586206896551,1276,25000,-0.00715589290484786,5000,0.0007,-2.2269508838653564
0.0025789476931095123,0.7419354915618896,19,0.00918734073638916,5099,822.3225806451613,1327,25500,-0.08036254346370697,5100,0.0007,-2.1862285137176514
1.540141056466382e-05,0.75,19,-15.053789138793945,5199,810.375,1358,26000,-0.002378404838964343,5200,0.0007,-2.1999597549438477
1.6969981686543179e-07,0.7272727489471436,19,-0.3470127582550049,5299,799.6060606060606,1386,26500,-0.0007040034979581833,5300,0.0007,-2.185711145401001
2.7837268135044724e-07,0.7272727489471436,19,0.0,5399,799.6060606060606,1402,27000,-0.0006724575068801641,5400,0.0007,-2.1205978393554688
3.106194412794139e-07,0.7272727489471436,19,-2461.837890625,5499,799.6060606060606,1417,27500,0.000641016464214772,5500,0.0007,-2.1205708980560303
3.10106026144355e-13,0.7272727489471436,19,0.0,5599,799.6060606060606,1435,28000,-8.224651537602767e-07,5600,0.0007,-2.1204121112823486
1.019061173224145e-07,0.7272727489471436,19,-142.84803771972656,5699,799.6060606060606,1451,28500,0.00023848838463891298,5700,0.0007,-2.121997594833374
1.2536608036406438e-11,0.7272727489471436,19,1.1920928955078125e-07,5799,799.6060606060606,1466,29000,-7.085704510245705e-06,5800,0.0007,-2.122337818145752
5.7140430165247835e-09,0.7272727489471436,19,-1.1475780010223389,5899,799.6060606060606,1486,29500,0.0001383450726279989,5900,0.0007,-2.119828462600708
1.4719454544120936e-09,0.7272727489471436,19,0.0,5999,799.6060606060606,1505,30000,8.502263517584652e-05,6000,0.0007,-2.1194941997528076
1.876159529956567e-07,0.7352941036224365,19,-2.8316092491149902,6099,893.7352941176471,1543,30500,0.0005603457684628665,6100,0.0007,-2.108957052230835
1.2371025377433398e-06,0.7428571581840515,19,0.0,6199,878.2857142857143,1572,31000,-0.0024025090970098972,6200,0.0007,-2.0622975826263428
2.4185922598007892e-08,0.7428571581840515,19,0.0,6299,878.2857142857143,1590,31500,-0.0004125900159124285,6300,0.0007,-2.058668851852417
2.938162907417663e-11,0.7428571581840515,19,0.0,6399,878.2857142857143,1603,32000,-7.937514965306036e-06,6400,0.0007,-2.0567121505737305
1.8107683999154037e-14,0.7428571581840515,20,0.0,6499,878.2857142857143,1617,32500,2.972534787204495e-07,6500,0.0007,-2.0555365085601807
2.865557128314376e-17,0.7428571581840515,20,0.0,6599,878.2857142857143,1628,33000,9.539363965416214e-09,6600,0.0007,-2.055539846420288
4.04681322925134e-18,0.7428571581840515,20,0.0,6699,878.2857142857143,1645,33500,4.0012340107864475e-09,6700,0.0007,-2.055539846420288
0.0,0.7428571581840515,20,nan,6799,878.2857142857143,1659,34000,-0.0,6800,0.0007,-2.054218053817749
0.0,0.7428571581840515,20,nan,6899,878.2857142857143,1674,34500,-0.0,6900,0.0007,-2.054218053817749
0.0,0.7222222089767456,20,nan,6999,965.0,1705,35000,-0.0,7000,0.0007,-2.054218053817749
1.3971207408758346e-06,0.7297297120094299,20,0.0,7099,956.0,1733,35500,-0.0013811209937557578,7100,0.0007,-2.1229496002197266
4.435044502315577e-06,0.7297297120094299,20,0.0,7199,956.0,1744,36000,-0.004913961514830589,7200,0.0007,-2.112272262573242
3.74946409920085e-07,0.7368420958518982,20,-4.689520835876465,7299,948.078947368421,1772,36500,-0.0009952648542821407,7300,0.0007,-2.131816864013672
1.0083696100338102e-09,0.7368420958518982,20,5.960464477539063e-08,7399,948.078947368421,1782,37000,-7.165442366385832e-05,7400,0.0007,-2.132171392440796
9.356372447644201e-12,0.7368420958518982,20,0.0,7499,948.078947368421,1802,37500,5.828369467053562e-06,7500,0.0007,-2.132547378540039
6.838324906333071e-10,0.7368420958518982,20,0.0,7599,948.078947368421,1818,38000,-3.806769018410705e-05,7600,0.0007,-2.1358864307403564
1.1607280258496842e-16,0.7368420958518982,21,0.0,7699,948.078947368421,1829,38500,2.4471694004546407e-08,7700,0.0007,-2.1364309787750244
3.84259069008408e-10,0.7368420958518982,21,1.1920928955078125e-07,7799,948.078947368421,1845,39000,4.156693466939032e-05,7800,0.0007,-2.1335644721984863
1.9525217856232444e-17,0.7368420958518982,21,0.0,7899,948.078947368421,1860,39500,2.0210038087498106e-09,7900,0.0007,-2.1159844398498535
6.175225045966635e-18,0.7368420958518982,21,0.0,7999,948.078947368421,1876,40000,-5.198718788790302e-09,8000,0.0007,-2.0995686054229736
6.8633394221251365e-06,0.7179487347602844,21,0.22497665882110596,8099,1026.3333333333333,1906,40500,-0.005531391594558954,8100,0.0007,-2.169086217880249
7.745255061308853e-06,0.7250000238418579,21,0.0,8199,1014.675,1934,41000,-0.006012533325701952,8200,0.0007,-2.143523693084717
0.00012322849943302572,0.7317073345184326,21,-31.576210021972656,8299,1005.609756097561,1963,41500,-0.002542847767472267,8300,0.0007,-2.2102582454681396
6.806064448028337e-06,0.738095223903656,21,-22.63672637939453,8399,994.3333333333334,1990,42000,-0.002290019067004323,8400,0.0007,-2.1648173332214355
0.0003116869484074414,0.7674418687820435,21,-132.35386657714844,8499,984.3720930232558,2018,42500,-0.04442499205470085,8500,0.0007,-2.117284059524536
3.319127790746279e-05,0.7727272510528564,21,-61.95976257324219,8599,975.6818181818181,2046,43000,-0.011017879471182823,8600,0.0007,-2.124328136444092
9.563928324496374e-05,0.7777777910232544,20,-167.0009765625,8699,964.2888888888889,2075,43500,-0.0009287083521485329,8700,0.0007,-2.196739435195923
3.934280903195031e-05,0.782608687877655,20,-10.830526351928711,8799,953.8260869565217,2103,44000,-0.012741446495056152,8800,0.0007,-2.262444019317627
3.7976154999341816e-05,0.7872340679168701,20,-324.40582275390625,8899,945.0212765957447,2133,44500,0.004346077796071768,8900,0.0007,-2.122715711593628
2.2581530174647924e-06,0.7916666865348816,20,-1.0005481243133545,8999,936.2291666666666,2162,45000,0.002853935118764639,9000,0.0007,-2.156198024749756
5.639200026053004e-06,0.7916666865348816,20,-0.2915031909942627,9099,936.2291666666666,2176,45500,-0.004329160321503878,9100,0.0007,-2.2077062129974365
2.740385571087245e-05,0.795918345451355,20,-1.4106471538543701,9199,931.6938775510204,2206,46000,-0.011020583100616932,9200,0.0007,-2.117429733276367
2.3976986085472163e-06,0.800000011920929,20,-29.375932693481445,9299,926.52,2233,46500,0.00039728745468892157,9300,0.0007,-2.1064181327819824
0.0005283075151965022,0.8039215803146362,20,0.06630557775497437,9399,921.3921568627451,2262,47000,-0.026265989989042282,9400,0.0007,-2.0735461711883545
3.225754699087702e-05,0.807692289352417,20,-397.3520202636719,9499,912.0576923076923,2292,47500,-0.007961800321936607,9500,0.0007,-1.9909664392471313
4.2066425521625206e-05,0.8301886916160583,20,-2.657604932785034,9599,904.2641509433962,2322,48000,-0.01065149437636137,9600,0.0007,-1.9242759943008423
0.0018009167397394776,0.8148148059844971,20,-233.26589965820312,9699,893.2777777777778,2353,48500,-0.06908054649829865,9700,0.0007,-2.2008469104766846
6.936826594028389e-06,0.8181818127632141,20,-5.678505897521973,9799,887.4909090909091,2383,49000,-0.0042014773935079575,9800,0.0007,-2.0081496238708496
0.00010680979175958782,0.8214285969734192,20,-5.728950023651123,9899,881.5714285714286,2414,49500,0.022476468235254288,9900,0.0007,-2.1273744106292725
2.912378931796411e-06,0.8245614171028137,20,-6.8187150955200195,9999,875.859649122807,2444,50000,0.0015396696981042624,10000,0.0007,-2.007537841796875
