rollout/ep_rew_mean,time/episodes,train/learning_rate,rollout/ep_len_mean,time/fps,time/time_elapsed,train/n_updates,time/total_timesteps,train/actor_loss,train/critic_loss
2.0,4,0.0001,1522.0,6,901,112,6088,-0.03225459810346365,0.005922400679992279
1.0,8,0.0001,1761.0,11,1263,912,14088,-0.0256410357542336,0.00012480505120038288
0.6666666865348816,12,0.0001,1840.6666666666667,13,1596,1712,22088,-0.022675083484500647,0.000873629697252909
0.5,16,0.0001,1880.5,15,1980,2512,30088,-0.015944207552820444,0.00011420288046792848
0.4000000059604645,20,0.0001,1904.4,16,2344,3312,38088,-0.01341680297628045,1.1062448265874991e-05
0.3333333432674408,24,0.0001,1920.3333333333333,17,2670,4112,46088,-0.011626717168837786,7.515588038131682e-06
0.2857142984867096,28,0.0001,1931.7142857142858,17,3011,4912,54088,-0.010562725830823183,8.017791060410673e-06
0.25,32,0.0001,1940.25,18,3398,5712,62088,-0.009337287279777229,1.9818992313958006e-05
0.2222222238779068,36,0.0001,1946.888888888889,18,3774,6512,70088,-0.007069981656968594,4.6578643718930834e-05
0.20000000298023224,40,0.0001,1952.2,18,4152,7312,78088,-0.005015758972149342,0.00011211028686375357
0.1818181872367859,44,0.0001,1956.5454545454545,18,4532,8112,86088,-0.004570155608234927,0.0008160545428381738
0.1666666716337204,48,0.0001,1960.1666666666667,19,4911,8912,94088,-0.0045345809194259346,8.981329460766574e-05
0.1538461595773697,52,0.0001,1963.2307692307693,19,5306,9712,102088,-0.006492394313681871,4.841790158138792e-06
0.1428571492433548,56,0.0001,1965.857142857143,19,5682,10512,110088,-0.005560524528846145,6.930437130847622e-07
0.13333334028720856,60,0.0001,1968.1333333333334,19,6063,11312,118088,-0.004998211283236742,4.2249235576719e-07
0.125,64,0.0001,1970.125,19,6439,12112,126088,-0.004282236390281469,3.6373014289381445e-07
0.11764705926179886,68,0.0001,1971.8823529411766,19,6824,12912,134088,-0.004259955487214029,1.7267745189286643e-07
0.1111111119389534,72,0.0001,1973.4444444444443,19,7206,13712,142088,-0.0037400026922114193,9.369968889672009e-08
0.10526315867900848,76,0.0001,1974.842105263158,19,7615,14512,150088,-0.003478924452792853,1.0606025302450917e-07
0.10000000149011612,80,0.0001,1976.1,19,7998,15312,158088,-0.003260026511270553,4.60735298801751e-08
0.095238097012043,84,0.0001,1977.2380952380952,19,8381,16112,166088,-0.0030612717382609844,3.668586456839762e-08
0.09090909361839294,88,0.0001,1978.2727272727273,19,8763,16912,174088,-0.0029074977501295507,3.98178854332798e-08
0.08695652335882187,92,0.0001,1979.2173913043478,19,9140,17712,182088,-0.0027524681063368917,4.354341731627187e-08
0.0833333358168602,96,0.0001,1980.0833333333333,19,9520,18512,190088,-0.002631388488225639,1.8156509518085784e-08
0.07999999821186066,100,0.0001,1980.88,20,9897,19312,198088,-0.0025485034566372633,1.5946322373672217e-08
0.0,104,0.0001,2000.0,20,10283,20112,206088,-0.002436013601254672,2.3483006650337757e-08
0.0,108,0.0001,2000.0,20,10671,20912,214088,-0.002370805013924837,4.01398143612397e-08
0.0,112,0.0001,2000.0,20,11060,21712,222088,-0.0022635195637121797,1.74095884375447e-08
0.0,116,0.0001,2000.0,20,11449,22512,230088,-0.0022136312909424305,6.023224474738242e-09
0.0,120,0.0001,2000.0,20,11831,23312,238088,-0.0021119046141393483,8.751417202024214e-09
0.0,124,0.0001,2000.0,20,12209,24112,246088,-0.002077459532301873,1.2527433923548159e-08
0.0,128,0.0001,2000.0,20,12585,24912,254088,-0.00196579159819521,1.570705365772085e-08
0.0,132,0.0001,2000.0,20,12958,25712,262088,-0.0019259883556514978,5.780341844063841e-09
0.0,136,0.0001,2000.0,20,13335,26512,270088,-0.0018551164830569178,6.308740002625157e-09
0.0,140,0.0001,2000.0,20,13714,27312,278088,-0.0018195587617810816,5.440696504432907e-09
0.0,144,0.0001,2000.0,20,14098,28112,286088,-0.00173356564482674,5.0370864701498874e-09
0.0,148,0.0001,2000.0,20,14472,28912,294088,-0.001686371659161523,1.7433791993370917e-08
0.0,152,0.0001,2000.0,20,14842,29712,302088,-0.001653013372560963,2.7094706825381287e-09
0.0,156,0.0001,2000.0,20,15229,30512,310088,-0.0016048626275733113,8.23760150370223e-10
0.0,160,0.0001,2000.0,20,15612,31312,318088,-0.0015789050667081028,3.2436454078244026e-09
0.0,164,0.0001,2000.0,20,15989,32112,326088,-0.0015511407982558012,3.8827720413858735e-09
0.0,168,0.0001,2000.0,20,16364,32912,334088,-0.0014990725903771818,2.984517036286327e-09
0.0,172,0.0001,2000.0,20,16738,33712,342088,-0.0014885511482134461,1.6270809838347944e-09
0.0,176,0.0001,2000.0,20,17121,34512,350088,-0.001367365155601874,6.311432043659693e-09
0.0,180,0.0001,2000.0,20,17503,35312,358088,-0.0013697015237994492,9.618415508505507e-10
0.0,184,0.0001,2000.0,20,17878,36112,366088,-0.001318779744906351,2.085915613847522e-09
0.0,188,0.0001,2000.0,20,18250,36912,374088,-0.00131229154067114,2.1109519132700427e-09
0.0,192,0.0001,2000.0,20,18632,37712,382088,-0.0013234783546067774,2.575789206926693e-09
0.0,196,0.0001,2000.0,20,19011,38512,390088,-0.0012674860190600157,2.3262057419204396e-09
0.0,200,0.0001,2000.0,20,19388,39312,398088,-0.0012411559582687914,6.461919324282639e-10
0.0,204,0.0001,2000.0,20,19767,40112,406088,-0.0012830152118112892,5.137788930409393e-09
0.0,208,0.0001,2000.0,20,20140,40912,414088,-0.0011791143915615976,7.529426786917481e-10
0.0,212,0.0001,2000.0,20,20531,41712,422088,-0.001175114157376811,5.905840009742813e-10
0.0,216,0.0001,2000.0,20,20907,42512,430088,-0.001160742889624089,7.490948243649154e-10
0.0,220,0.0001,2000.0,20,21283,43312,438088,-0.0011397293128538877,1.5416923467015398e-09
0.0,224,0.0001,2000.0,20,21663,44112,446088,-0.001120261469623074,1.6294897462604263e-09
0.0,228,0.0001,2000.0,20,22039,44912,454088,-0.0010782534372992814,2.4959194606932744e-10
0.0,232,0.0001,2000.0,20,22422,45712,462088,-0.0010208236635662615,7.483324342139053e-10
0.0,236,0.0001,2000.0,20,22807,46512,470088,-0.001029223931254819,3.4187962009990525e-10
0.0,240,0.0001,2000.0,20,23184,47312,478088,-0.0010205720900557935,6.586967984945069e-10
0.0,244,0.0001,2000.0,20,23559,48112,486088,-0.0009592551359673962,3.272310304669457e-09
0.0,248,0.0001,2000.0,20,23934,48912,494088,-0.0009558550082147121,5.025220654528151e-09
0.0,252,0.0001,2000.0,20,24322,49712,502088,-0.0009415614476893097,1.5217180154847298e-09
0.0,256,0.0001,2000.0,20,24702,50512,510088,-0.0009327512234449387,3.5174233230933494e-10
0.0,260,0.0001,2000.0,20,25080,51312,518088,-0.0008772852452239022,9.911275827834132e-10
0.0,264,0.0001,2000.0,20,25451,52112,526088,-0.0009256472549168393,3.948441969214844e-09
0.0,268,0.0001,2000.0,20,25824,52912,534088,-0.0008914831996662542,2.8328875911753926e-09
0.0,272,0.0001,2000.0,20,26204,53712,542088,-0.0008432634931523353,2.481790589009547e-10
0.0,276,0.0001,2000.0,20,26586,54512,550088,-0.000805419942480512,3.531110993881814e-10
0.0,280,0.0001,2000.0,20,26966,55312,558088,-0.000848944386234507,4.317669832776261e-09
0.0,284,0.0001,2000.0,20,27349,56112,566088,-0.000785841082688421,1.5886401638631753e-09
0.0,288,0.0001,2000.0,20,27727,56912,574088,-0.000787365366704762,1.8102515042528466e-09
0.0,292,0.0001,2000.0,20,28102,57712,582088,-0.0007407680968753994,1.7407484030618203e-09
0.0,296,0.0001,2000.0,20,28475,58512,590088,-0.0007912722212495282,2.739941256518774e-09
0.0,300,0.0001,2000.0,20,28861,59312,598088,-0.0007078598573571071,4.500950064045828e-09
0.0,304,0.0001,2000.0,20,29249,60112,606088,-0.0007068572012940422,2.9823177087606734e-10
0.0,308,0.0001,2000.0,20,29629,60912,614088,-0.0006810678751207888,4.181217871934706e-10
0.0,312,0.0001,2000.0,20,30013,61712,622088,-0.0006585989322047681,7.474139796653789e-11
0.0,316,0.0001,2000.0,20,30419,62512,630088,-0.0006867696938570589,2.536028165245341e-09
