rollout/ep_rew_mean,time/total_timesteps,time/time_elapsed,time/fps,rollout/ep_len_mean,time/episodes,train/learning_rate,train/critic_loss,train/actor_loss,train/n_updates
0.5,2156,154,13,539.0,4,,,,
0.5,7891,386,20,986.375,8,0.0001,7.34521845515701e-05,-0.05098747368901968,288
0.3333333432674408,12961,595,21,1080.0833333333333,12,0.0001,0.0019403467372285377,-0.048824953846633434,800
0.25,17922,804,22,1120.125,16,0.0001,0.00011305643602099735,-0.042543609626591206,1296
0.20000000298023224,19302,907,21,965.1,20,0.0001,6.274449560805806e-05,-0.03983672522008419,1432
0.1666666716337204,20721,1012,20,863.375,24,0.0001,5.5080172160160146e-05,-0.03453337214887142,1576
0.1428571492433548,22180,1122,19,792.1428571428571,28,0.0001,0.0010470639688264782,-0.03207518486306071,1720
0.125,24081,1245,19,752.53125,32,0.0001,3.761474681596155e-05,-0.022824124433100224,1912
0.1111111119389534,26481,1377,19,735.5833333333334,36,0.0001,1.9915521988878027e-05,-0.021019484382122755,2152
0.10000000149011612,28401,1495,18,710.025,40,0.0001,0.0014619026801483415,-0.018987577641382813,2344
0.09090909361839294,30763,1626,18,699.1590909090909,44,0.0001,0.000141843751862325,-0.005410183861386031,2576
0.0833333358168602,33981,1785,19,707.9375,48,0.0001,1.1564919077500235e-05,0.0016698375693522394,2896
0.07692307978868484,37381,1945,19,718.8653846153846,52,0.0001,1.5654283515686984e-05,0.004664886160753667,3240
0.0714285746216774,41229,2119,19,736.2321428571429,56,0.0001,9.039431176915969e-06,0.008984440471976995,3624
0.06666667014360428,43296,2241,19,721.6,60,0.0001,0.00012251759517312166,0.013321998179890215,3832
0.0625,49345,2475,19,771.015625,64,0.0001,0.00012277511041247635,0.028359492775052786,4432
0.05882352963089943,56805,2749,20,835.3676470588235,68,0.0001,1.4169975884215091e-05,0.04402518179267645,5184
0.0555555559694767,64103,3019,21,890.3194444444445,72,0.0001,2.299936841154704e-05,0.05390309449285269,5912
0.05263157933950424,71155,3284,21,936.25,76,0.0001,2.588441361695004e-05,0.06922423280775547,6616
0.05000000074505806,76797,3506,21,959.9625,80,0.0001,4.748208107230312e-05,0.07717946730554104,7176
0.0476190485060215,81054,3694,21,964.9285714285714,84,0.0001,1.0300271753749257e-05,0.07049577496945858,7608
0.04545454680919647,83761,3839,21,951.8295454545455,88,0.0001,3.1311611905948666e-05,0.07227924838662148,7880
0.043478261679410934,85551,3953,21,929.9021739130435,92,0.0001,8.070329499787476e-06,0.07303828001022339,8056
0.0416666679084301,88161,4091,21,918.34375,96,0.0001,2.044609743734327e-05,0.07550167106091976,8320
0.03999999910593033,91144,4239,21,911.44,100,0.0001,1.0650368380993314e-05,0.08424222469329834,8616
0.019999999552965164,93601,4372,21,914.45,104,0.0001,2.5259167330204946e-05,0.08616550639271736,8864
0.0,96561,4520,21,886.7,108,0.0001,1.1520151929289568e-05,0.08849110081791878,9160
0.0,99745,4678,21,867.84,112,0.0001,7.878130725202936e-05,0.09429130516946316,9472
0.0,102975,4837,21,850.53,116,0.0001,2.7509073788678506e-05,0.09846225194633007,9800
0.0,104516,4944,21,852.14,120,0.0001,6.419578349436961e-05,0.09836110658943653,9952
0.0,106145,5054,20,854.24,124,0.0001,2.8575353951509896e-05,0.09749787487089634,10112
0.0,107732,5164,20,855.52,128,0.0001,8.640234710810546e-05,0.09662133269011974,10272
0.0,109361,5274,20,852.8,132,0.0001,4.8942554712994024e-05,0.098543930798769,10440
0.0,111025,5385,20,845.44,136,0.0001,4.870653935995506e-05,0.09768417477607727,10600
0.0,112638,5496,20,842.37,140,0.0001,4.960765420491953e-05,0.09588861465454102,10760
0.0,114241,5605,20,834.78,144,0.0001,2.6488097660148924e-05,0.0955243892967701,10928
0.0,115841,5715,20,818.6,148,0.0001,8.334336627058292e-06,0.09516612440347672,11088
0.0,117521,5837,20,801.4,152,0.0001,1.8847608203031996e-05,0.09498288854956627,11256
0.0,119155,5946,20,779.26,156,0.0001,4.460256644733818e-05,0.09415813535451889,11416
0.0,120964,6066,19,776.68,160,0.0001,4.3116380084029515e-05,0.09404734894633293,11600
0.0,122881,6189,19,735.36,164,0.0001,6.459367943989491e-05,0.09352480247616768,11792
0.0,124530,6302,19,677.25,168,0.0001,6.113188581480244e-05,0.09381240233778954,11952
0.0,126161,6413,19,620.58,172,0.0001,6.006559999605088e-06,0.0938337929546833,12120
0.0,127603,6517,19,564.48,176,0.0001,1.0957152767332445e-05,0.09298168681561947,12264
0.0,129253,6627,19,524.56,180,0.0001,6.104959140884603e-05,0.09246770851314068,12424
0.0,131072,6743,19,500.18,184,0.0001,4.527625281980363e-05,0.09249995648860931,12608
0.0,132881,6858,19,491.2,188,0.0001,2.566813421367442e-05,0.09211278706789017,12792
0.0,134721,6974,19,491.7,192,0.0001,3.713214124445585e-05,0.09180308319628239,12976
0.0,136413,7086,19,482.52,196,0.0001,5.1439395463148685e-06,0.09176878817379475,13144
0.0,138161,7204,19,470.17,200,0.0001,4.059611597995172e-05,0.09099872224032879,13320
0.0,140081,7322,19,464.8,204,0.0001,7.478137632688231e-06,0.09028246067464352,13512
0.0,141841,7435,19,452.8,208,0.0001,4.401527597508448e-05,0.08972174115478992,13688
0.0,143565,7552,19,438.2,212,0.0001,9.116244854112665e-06,0.08960526250302792,13856
0.0,145361,7667,18,423.86,216,0.0001,2.0599085530648154e-05,0.0891961008310318,14040
0.0,147121,7780,18,426.05,220,0.0001,5.031672139921284e-05,0.08892148360610008,14216
0.0,148881,7894,18,427.36,224,0.0001,2.0636359920445102e-05,0.08844684809446335,14392
0.0,150561,8010,18,428.29,228,0.0001,2.000079923902831e-05,0.08820935152471066,14560
0.0,152161,8123,18,428.0,232,0.0001,3.7121405057405354e-05,0.07256724126636982,14720
0.0,153675,8229,18,426.5,236,0.0001,1.7353209983639317e-05,0.051633892580866814,14864
0.0,155121,8335,18,424.83,240,0.0001,1.0371796577146597e-05,0.051233998499810696,15016
0.0,156641,8443,18,424.0,244,0.0001,3.9219990810579475e-06,0.05175312049686909,15168
0.0,158090,8549,18,422.49,248,0.0001,2.198564618538512e-05,0.051596252247691154,15312
0.0,159669,8662,18,421.48,252,0.0001,1.0500177268113475e-05,0.05092734284698963,15464
0.0,161201,8769,18,420.46,256,0.0001,3.3924840465715533e-06,0.0509716784581542,15624
0.0,162721,8876,18,417.57,260,0.0001,2.075456799843778e-05,0.05048601236194372,15776
0.0,164294,8987,18,414.13,264,0.0001,3.2265537157627477e-06,0.04989226348698139,15928
0.0,165921,9099,18,413.91,268,0.0001,9.56924273509685e-06,0.04951256699860096,16096
0.0,167467,9206,18,413.06,272,0.0001,1.5192854561973945e-05,0.049236997961997986,16248
0.0,168884,9312,18,412.81,276,0.0001,1.5381542766590428e-05,0.04880134668201208,16392
0.0,170481,9426,18,412.28,280,0.0001,1.5663491268469443e-05,0.048854557797312737,16552
0.0,172081,9536,18,410.09,284,0.0001,1.4612259633395297e-05,0.04769404511898756,16712
0.0,173601,9643,18,407.2,288,0.0001,2.156260137553545e-05,0.04725207295268774,16864
0.0,175121,9750,17,404.0,292,0.0001,1.556014404968664e-05,0.047208939678967,17016
0.0,176674,9858,17,402.61,296,0.0001,5.57463567929517e-06,0.04617856349796057,17168
0.0,178241,9967,17,400.8,300,0.0001,1.032580595961008e-05,0.04627583362162113,17328
0.0,179921,10078,17,398.4,304,0.0001,1.5295582670660224e-05,0.04556941147893667,17496
0.0,181425,10193,17,395.84,308,0.0001,5.42566914418785e-06,0.04465877264738083,17640
0.0,182929,10300,17,393.64,312,0.0001,3.85973521588312e-06,0.04497451055794954,17792
0.0,184536,10410,17,391.75,316,0.0001,8.555900791407112e-06,0.044044822454452515,17952
0.0,186054,10517,17,389.33,320,0.0001,7.724403232600707e-06,0.04357585683465004,18104
0.0,187556,10627,17,386.75,324,0.0001,2.713773801588104e-05,0.043461861088871956,18256
0.0,189075,10735,17,385.14,328,0.0001,2.709166921022188e-05,0.0428932374343276,18408
0.0,190561,10841,17,384.0,332,0.0001,7.665068210371828e-06,0.04277282953262329,18560
0.0,192161,10950,17,384.86,336,0.0001,3.345027846535231e-05,0.041738711297512054,18720
0.0,193756,11059,17,386.35,340,0.0001,8.072632809330571e-06,0.04208623804152012,18872
0.0,195281,11168,17,386.4,344,0.0001,1.0931170407957325e-05,0.04210670478641987,19032
0.0,196881,11277,17,387.91,348,0.0001,5.2878606879858125e-06,0.04122934676706791,19192
0.0,198456,11390,17,387.87,352,0.0001,9.432764827010942e-06,0.04101064708083868,19344
0.0,199972,11498,17,387.71,356,0.0001,9.020123371783484e-06,0.0406681289896369,19496
0.0,201554,11607,17,388.33,360,0.0001,2.745545714333275e-05,0.04065653868019581,19656
0.0,203185,11721,17,388.91,364,0.0001,3.640019684780782e-06,0.03996188286691904,19816
0.0,204606,11826,17,386.85,368,0.0001,4.091909048042908e-06,0.03933181706815958,19960
0.0,206161,11935,17,386.94,372,0.0001,2.1102088737734448e-05,0.03946764674037695,20120
0.0,207681,12042,17,387.97,376,0.0001,8.79778451690072e-06,0.03948108199983835,20272
0.0,209201,12150,17,387.2,380,0.0001,1.5121377145987935e-06,0.03917515091598034,20424
0.0,210633,12254,17,385.52,384,0.0001,7.908519421562232e-06,0.03873106464743614,20560
0.0,212320,12366,17,387.19,388,0.0001,8.037871964461374e-06,0.03861837089061737,20728
0.0,213761,12471,17,386.4,392,0.0001,4.6201256509448285e-06,0.0385670717805624,20880
0.0,215441,12583,17,387.67,396,0.0001,5.157991580517773e-06,0.037923253141343594,21048
0.0,217041,12692,17,388.0,400,0.0001,1.4545202219551356e-05,0.03757436480373144,21208
0.0,218570,12800,17,386.49,404,0.0001,1.5706351064181945e-06,0.037674025632441044,21360
0.0,220056,12905,17,386.31,408,0.0001,1.1170883837507972e-05,0.03687683213502169,21504
0.0,221582,13013,17,386.53,412,0.0001,7.818214299959436e-06,0.03723871987313032,21656
0.0,226881,13226,17,423.45,416,0.0001,1.1554276127867524e-05,0.036758401431143284,22192
0.0,228465,13335,17,424.11,420,0.0001,6.109284086619482e-06,0.036454769782721996,22344
0.0,229956,13441,17,424.0,424,0.0001,4.718605431719425e-06,0.036395248025655746,22496
0.0,231441,13552,17,423.66,428,0.0001,8.56613267785633e-06,0.035753967240452766,22648
0.0,232934,13658,17,423.73,432,0.0001,3.286497850751857e-06,0.035472636111080647,22792
0.0,234401,13764,17,422.4,436,0.0001,3.870902091307471e-06,0.03555407281965017,22944
0.0,235913,13874,17,421.57,440,0.0001,3.2137000403054117e-06,0.035103779286146164,23088
0.0,237441,13982,16,421.6,444,0.0001,5.714265384426653e-06,0.035456353798508644,23248
0.0,239041,14091,16,421.6,448,0.0001,8.228182849734367e-06,0.034661795012652874,23408
0.0,240502,14197,16,420.46,452,0.0001,5.369034923319305e-06,0.034847307950258255,23552
0.0,242001,14304,16,420.29,456,0.0001,5.600289242124745e-06,0.034810323268175125,23704
0.0,243521,14411,16,419.67,460,0.0001,9.23617524506426e-06,0.03415234573185444,23856
0.0,245085,14525,16,419.0,464,0.0001,8.54900225988331e-06,0.03412293270230293,24008
0.0,246801,14638,16,421.95,468,0.0001,5.574683783038381e-06,0.033822364173829556,24184
0.0,248161,14740,16,420.0,472,0.0001,1.2533710673778842e-05,0.033874472603201866,24320
0.0,249761,14849,16,420.8,476,0.0001,7.323915582446716e-06,0.033633261919021606,24480
0.0,251441,14961,16,422.4,480,0.0001,7.5506686130211165e-06,0.033571381121873856,24648
0.0,253041,15077,16,424.08,484,0.0001,8.625125651917642e-06,0.03337011951953173,24808
0.0,254401,15179,16,420.81,488,0.0001,1.6098313437851175e-06,0.03340973425656557,24944
0.0,255823,15297,16,420.62,492,0.0001,9.419088300433032e-06,0.03296921122819185,25080
0.0,257310,15404,16,418.69,496,0.0001,6.583573167517898e-06,0.033292911015450954,25232
0.0,258801,15511,16,417.6,500,0.0001,3.4182181849473636e-06,0.033258091658353806,25384
0.0,260335,15621,16,417.65,504,0.0001,1.1387927401074194e-05,0.033185883425176144,25536
0.0,261888,15730,16,418.32,508,0.0001,8.641451785251775e-06,0.03308752365410328,25688
0.0,263636,15849,16,420.54,512,0.0001,6.798445326694491e-06,0.03275453019887209,25864
0.0,265281,15960,16,384.0,516,0.0001,3.116320215212909e-06,0.032640677876770496,26032
0.0,266856,16068,16,383.91,520,0.0001,7.143476523197023e-06,0.032609669491648674,26184
0.0,268335,16174,16,383.79,524,0.0001,1.1156691130054242e-05,0.03188405837863684,26336
0.0,269894,16282,16,384.53,528,0.0001,6.2699818670353125e-06,0.0325165344402194,26488
0.0,271441,16391,16,385.07,532,0.0001,2.5591319428031056e-06,0.03228675853461027,26648
0.0,272904,16496,16,385.03,536,0.0001,4.217663281735895e-06,0.03224105201661587,26792
0.0,274381,16607,16,384.68,540,0.0001,6.838840619138864e-06,0.03186146356165409,26936
0.0,275956,16716,16,385.15,544,0.0001,1.1202043474156653e-05,0.031499473843723536,27096
0.0,277441,16827,16,384.0,548,0.0001,2.0273465622722142e-05,0.03109878720715642,27248
0.0,278872,16930,16,383.7,552,0.0001,1.2124560896609182e-05,0.04215517733246088,27384
0.0,280515,17041,16,385.14,556,0.0001,2.1888929836677562e-05,0.04224029928445816,27552
0.0,282001,17148,16,384.8,560,0.0001,9.155772630720094e-06,0.042757656425237656,27704
0.0,283816,17263,16,387.31,564,0.0001,7.535371764788579e-06,0.04345185123383999,27880
0.0,285601,17378,16,388.0,568,0.0001,1.5456161975180294e-05,0.04285887908190489,28064
0.0,287065,17489,16,389.04,572,0.0001,6.523600291075127e-06,0.04280848428606987,28208
0.0,288961,17607,16,392.0,576,0.0001,2.67963218902878e-06,0.042145056650042534,28400
0.0,290561,17716,16,391.2,580,0.0001,8.138953717207187e-06,0.04206834174692631,28560
0.0,292081,17826,16,390.4,584,0.0001,1.9445162820375117e-05,0.041723559610545635,28712
0.0,293921,17943,16,395.2,588,0.0001,5.782417673572127e-06,0.041827576234936714,28896
0.0,295601,18054,16,397.78,592,0.0001,4.895515331782008e-06,0.04169358219951391,29064
0.0,297441,18170,16,401.31,596,0.0001,5.750937418724789e-06,0.041485258378088474,29248
0.0,299041,18279,16,402.4,600,0.0001,1.2612742651185727e-05,0.04129983019083738,29408
0.0,300801,18394,16,404.66,604,0.0001,1.6261794712590927e-05,0.04086308181285858,29584
0.0,302561,18511,16,406.73,608,0.0001,1.075381389625818e-05,0.04123489372432232,29760
0.0,304321,18625,16,406.85,612,0.0001,9.251858813286162e-06,0.040707639418542385,29936
0.0,306205,18742,16,409.24,616,0.0001,9.219371449376013e-06,0.04055528063327074,30120
0.0,307996,18856,16,411.4,620,0.0001,9.193569653120903e-06,0.040259587578475475,30296
0.0,309761,18975,16,414.26,624,0.0001,1.0046909494576539e-05,0.03995928168296814,30480
0.0,311521,19089,16,416.27,628,0.0001,4.062830726070388e-06,0.04007013328373432,30656
0.0,313361,19205,16,419.2,632,0.0001,1.4235481899049773e-05,0.03997773863375187,30840
0.0,315041,19317,16,421.37,636,0.0001,5.858888755483349e-06,0.04009315371513367,31008
0.0,316801,19431,16,424.2,640,0.0001,5.287489940997148e-06,0.03944156784564257,31184
0.0,318401,19543,16,424.45,644,0.0001,9.689512609156736e-06,0.03917365800589323,31344
0.0,320081,19655,16,426.4,648,0.0001,6.821406898893656e-06,0.03939240239560604,31512
0.0,321761,19766,16,428.89,652,0.0001,5.2508143113527694e-06,0.03879034146666527,31680
0.0,323281,19873,16,427.66,656,0.0001,8.822931761187647e-06,0.038848224096000195,31832
0.0,325121,19994,16,431.2,660,0.0001,6.304817446789457e-06,0.03868905268609524,32016
0.0,326881,20107,16,430.65,664,0.0001,1.934227555011603e-06,0.03825423028320074,32192
0.0,328641,20222,16,430.4,668,0.0001,1.4977016121520137e-05,0.037993776611983776,32368
0.0,330436,20337,16,433.71,672,0.0001,1.4745093537271714e-06,0.0381799079477787,32544
0.0,332241,20452,16,432.8,676,0.0001,3.5287005317741205e-06,0.03750002570450306,32728
0.0,333720,20558,16,431.59,680,0.0001,8.588791857278011e-06,0.037653785198926926,32872
0.0,335521,20678,16,434.4,684,0.0001,5.738060153248625e-06,0.0375490365549922,33056
0.0,340961,20894,16,470.4,688,0.0001,7.710797355287013e-06,0.036847121082246304,33600
0.0,342721,21008,16,471.2,692,0.0001,7.918648492477587e-06,0.03662724792957306,33776
0.0,344353,21118,16,469.12,696,0.0001,1.4780521837565175e-06,0.03664660267531872,33936
0.0,346115,21233,16,470.74,700,0.0001,5.270897275977404e-06,0.03666839096695185,34112
0.0,347579,21338,16,467.78,704,0.0001,1.010567837056442e-05,0.036348387598991394,34256
0.0,349281,21456,16,467.2,708,0.0001,8.716782389228683e-06,0.03625649120658636,34432
0.0,351074,21571,16,467.53,712,0.0001,3.967537097082641e-06,0.03602266125380993,34608
0.0,352881,21690,16,466.76,716,0.0001,7.426812700828123e-06,0.035850183106958866,34792
0.0,354721,21810,16,467.25,720,0.0001,1.130234970503352e-06,0.03567998297512531,34976
0.0,356321,21920,16,465.6,724,0.0001,5.983225001671144e-06,0.03545025549829006,35136
0.0,357921,22029,16,464.0,728,0.0001,7.3369230548792075e-06,0.03558859322220087,35296
0.0,359681,22142,16,463.2,732,0.0001,6.047739915970851e-06,0.035085663199424744,35472
0.0,361361,22255,16,463.2,736,0.0001,4.6839612792837215e-06,0.03520133998245001,35640
0.0,363041,22366,16,462.4,740,0.0001,5.2164868691306765e-06,0.03475621994584799,35808
0.0,364725,22478,16,463.24,744,0.0001,1.1770465576432798e-05,0.03459472022950649,35976
0.0,366401,22590,16,463.2,748,0.0001,5.386510551375068e-06,0.034680942073464394,36144
0.0,368161,22704,16,464.0,752,0.0001,4.687737863662278e-06,0.03435011673718691,36320
0.0,369715,22812,16,464.34,756,0.0001,4.578685057765597e-06,0.034357463009655476,36472
0.0,371361,22924,16,462.4,760,0.0001,1.4094877982984144e-05,0.03402040805667639,36640
0.0,373033,23040,16,461.52,764,0.0001,5.265117060559987e-06,0.03428490087389946,36800
0.0,374641,23153,16,460.0,768,0.0001,1.0473052526549509e-05,0.03363035526126623,36968
0.0,376401,23268,16,459.65,772,0.0001,7.013783736908863e-06,0.03357773460447788,37144
0.0,378081,23383,16,458.4,776,0.0001,9.98496309989605e-06,0.03329982981085777,37312
0.0,379441,23490,16,457.21,780,0.0001,6.994105383739679e-06,0.0332007072865963,37448
0.0,380961,23597,16,454.4,784,0.0001,8.014352790297607e-06,0.032969566993415356,37600
0.0,382721,23711,16,417.6,788,0.0001,4.480434650844245e-06,0.03321816027164459,37776
0.0,384401,23828,16,416.8,792,0.0001,2.9657781794867333e-06,0.03296983987092972,37944
0.0,386161,23941,16,418.08,796,0.0001,2.7459961806641786e-06,0.03283614385873079,38120
0.0,387761,24055,16,416.46,800,0.0001,6.043564967583848e-06,0.03267715685069561,38280
0.0,389441,24167,16,418.62,804,0.0001,4.381222787230854e-06,0.032680975273251534,38448
0.0,391121,24283,16,418.4,808,0.0001,1.2454283545793032e-05,0.032103714533150196,38616
0.0,392721,24392,16,416.47,812,0.0001,7.5798917080760475e-06,0.03219570126384497,38776
0.0,394641,24511,16,417.6,816,0.0001,4.066330149044006e-06,0.03213303070515394,38968
0.0,396321,24623,16,416.0,820,0.0001,5.817766414395464e-06,0.03187130019068718,39136
0.0,397864,24731,16,415.43,824,0.0001,7.475588706284952e-06,0.031676498241722584,39288
0.0,399601,24845,16,416.8,828,0.0001,4.68298019207225e-06,0.03197467885911465,39464
0.0,401281,24957,16,416.0,832,0.0001,4.5082736299661974e-07,0.0318814879283309,39632
0.0,403041,25071,16,416.8,836,0.0001,7.765992009467482e-07,0.03141874819993973,39808
0.0,404881,25188,16,418.4,840,0.0001,3.950914571504427e-06,0.031273291911929846,39992
0.0,406480,25300,16,417.55,844,0.0001,8.558500908861788e-06,0.03076673997566104,40144
0.0,408196,25413,16,417.95,848,0.0001,2.1618363614805958e-06,0.031057349871844053,40320
0.0,410161,25533,16,420.0,852,0.0001,6.3266053871302574e-06,0.030808750074356794,40520
0.0,411841,25651,16,421.26,856,0.0001,2.4876248119198863e-06,0.030804648529738188,40688
0.0,413761,25777,16,424.0,860,0.0001,2.205107584529742e-06,0.03042819770053029,40880
0.0,415441,25888,16,424.08,864,0.0001,2.1636524216717135e-06,0.030431721825152636,41048
0.0,417041,26002,16,424.0,868,0.0001,3.627027538755101e-06,0.03024423075839877,41208
0.0,418801,26116,16,424.0,872,0.0001,2.073898937027252e-06,0.030102775432169437,41384
0.0,420401,26225,16,423.2,876,0.0001,2.102845337859094e-06,0.029820531606674194,41544
0.0,422161,26339,16,427.2,880,0.0001,3.5901513939506913e-06,0.02975203562527895,41720
0.0,423921,26453,16,429.6,884,0.0001,2.1516340424909686e-06,0.029547810554504395,41896
0.0,425521,26563,16,428.0,888,0.0001,4.958572237256931e-06,0.029298733454197645,42056
0.0,427281,26685,16,428.8,892,0.0001,6.21246752530169e-06,0.02908405428752303,42232
0.0,428881,26803,16,427.2,896,0.0001,4.743655702910132e-06,0.029079475440084934,42392
0.0,430641,26917,15,428.8,900,0.0001,7.496749763191701e-06,0.02890764595940709,42568
0.0,432401,27035,15,429.6,904,0.0001,3.2755019603314395e-06,0.028856147080659866,42744
0.0,434094,27148,15,429.73,908,0.0001,4.662203519245622e-06,0.02879406325519085,42912
0.0,435841,27262,15,431.2,912,0.0001,3.6072264872899495e-06,0.028533381409943104,43088
0.0,437841,27383,15,432.0,916,0.0001,3.677815673341911e-06,0.028316799085587263,43288
0.0,439361,27490,15,430.4,920,0.0001,1.0136254232406827e-05,0.028227205388247967,43440
0.0,444721,27705,16,468.57,924,0.0001,4.467431580224002e-06,0.027837096713483334,43976
0.0,446401,27817,16,468.0,928,0.0001,1.890130853610117e-06,0.027988255955278873,44144
0.0,448001,27925,16,467.2,932,0.0001,4.382034521910327e-06,0.027754693757742643,44304
0.0,449761,28040,16,467.2,936,0.0001,3.1048757840324015e-06,0.027598754968494177,44480
0.0,451441,28152,16,465.6,940,0.0001,5.828868246737784e-06,0.02730179764330387,44648
0.0,452961,28260,16,464.81,944,0.0001,1.6495491728107936e-06,0.027399455197155476,44800
0.0,454561,28370,16,463.65,948,0.0001,4.481620575091938e-06,0.027149010449647903,44960
0.0,456081,28478,16,459.2,952,0.0001,1.9619395317249655e-06,0.02715942868962884,45112
0.0,457681,28587,16,458.4,956,0.0001,2.83999375128019e-06,0.027101791463792324,45272
0.0,459176,28693,16,454.15,960,0.0001,1.5928887773242195e-06,0.02698345435783267,45416
0.0,460801,28804,15,453.6,964,0.0001,4.468248668842989e-07,0.026822255458682775,45584
0.0,462561,28918,15,455.2,968,0.0001,6.789217639635581e-06,0.026726985350251198,45760
0.0,464316,29030,15,455.15,972,0.0001,6.945856711126908e-06,0.026517492718994617,45928
0.0,466081,29145,15,456.8,976,0.0001,4.528525391123139e-06,0.02642491227015853,46112
0.0,467921,29261,15,457.6,980,0.0001,3.0634871137635855e-06,0.02632353315129876,46296
0.0,469601,29374,15,456.8,984,0.0001,2.8724448366546085e-06,0.026075927540659904,46464
0.0,471082,29480,15,455.61,988,0.0001,1.6780965026441663e-06,0.026083392091095448,46608
0.0,472641,29589,15,453.6,992,0.0001,1.884352716530202e-06,0.02600480942055583,46768
0.0,474241,29698,15,453.6,996,0.0001,3.768755947319846e-06,0.02585879247635603,46928
0.0,476001,29817,15,453.6,1000,0.0001,2.4028187795011036e-07,0.02585691213607788,47104
0.0,477841,29932,15,454.4,1004,0.0001,2.525149115584213e-06,0.02559224981814623,47288
0.0,479441,30043,15,453.47,1008,0.0001,1.5140020703796608e-06,0.025589104741811752,47448
0.0,481121,30160,15,452.8,1012,0.0001,2.7970767675356e-06,0.02527715638279915,47616
0.0,482666,30268,15,448.25,1016,0.0001,1.5547489500278289e-06,0.025258607231080532,47768
0.0,488001,30486,16,486.4,1020,0.0001,7.326269594543078e-06,0.02492014691233635,48304
0.0,489681,30597,16,449.6,1024,0.0001,3.5043433754822217e-06,0.024868430104106665,48472
0.0,491296,30707,15,448.95,1028,0.0001,1.4153874143829626e-06,0.02463358175009489,48632
0.0,493201,30825,15,452.0,1032,0.0001,3.2643913172591965e-07,0.024671645835042,48824
0.0,495041,30941,15,452.8,1036,0.0001,3.3307990605635496e-06,0.02443183772265911,49008
0.0,496516,31047,15,450.75,1040,0.0001,2.324225524930057e-06,0.02433174755424261,49152
0.0,498321,31163,15,453.6,1044,0.0001,1.2532406650223038e-06,0.024337346199899912,49336
0.0,500035,31275,15,454.74,1048,0.0001,3.3585634504618156e-06,0.024082456715404987,49504
0.0,501841,31390,15,457.6,1052,0.0001,4.3633829989175865e-06,0.023898557759821415,49688
0.0,503521,31502,15,458.4,1056,0.0001,6.544543564857008e-06,0.02363454829901457,49856
0.0,505121,31611,15,459.45,1060,0.0001,2.1666611633719413e-06,0.023707397747784853,50016
0.0,506799,31723,15,459.98,1064,0.0001,2.4061161338906345e-06,0.023734484799206257,50176
0.0,508476,31834,15,459.15,1068,0.0001,2.2865978976938095e-06,0.023552057333290577,50344
0.0,510241,31955,15,459.25,1072,0.0001,2.2078531145552915e-06,0.02341628586873412,50528
0.0,511921,32071,15,458.4,1076,0.0001,2.2014811520421063e-06,0.023278008215129375,50696
0.0,513495,32183,15,455.74,1080,0.0001,4.0569451833505354e-06,0.02328817965462804,50848
0.0,515201,32296,15,456.0,1084,0.0001,1.2327362952646581e-06,0.02315767016261816,51024
0.0,516881,32408,15,457.99,1088,0.0001,1.156915626410182e-06,0.022987743839621544,51192
0.0,518641,32522,15,460.0,1092,0.0001,1.1815841247653225e-06,0.022992373444139957,51368
0.0,520241,32632,15,460.0,1096,0.0001,2.192630393693662e-06,0.022844410967081785,51528
0.0,521921,32751,15,459.2,1100,0.0001,2.9411742374918504e-07,0.022746688220649958,51696
0.0,523761,32870,15,459.2,1104,0.0001,2.0256965704845697e-06,0.022528637666255236,51880
0.0,525437,32986,15,459.96,1108,0.0001,4.010972908474741e-06,0.022513653617352247,52040
0.0,526961,33098,15,458.4,1112,0.0001,4.8115766908551905e-06,0.022309962660074234,52200
0.0,528594,33208,15,459.28,1116,0.0001,2.827419216089311e-06,0.0222382303327322,52360
0.0,530241,33325,15,422.4,1120,0.0001,2.99753361687749e-07,0.02224452467635274,52528
0.0,531841,33435,15,421.6,1124,0.0001,1.960678309487207e-06,0.0221928795799613,52688
0.0,533475,33550,15,421.79,1128,0.0001,2.0755259271254545e-06,0.02199506713077426,52848
0.0,535121,33661,15,419.2,1132,0.0001,2.8771831601659414e-06,0.022019391413778067,53016
0.0,536937,33777,15,418.96,1136,0.0001,3.0580495966603394e-06,0.021772694773972034,53192
0.0,538556,33889,15,420.4,1140,0.0001,1.972285957663189e-06,0.021598865278065205,53352
0.0,540161,34000,15,418.4,1144,0.0001,2.084178550632032e-06,0.02162522589787841,53520
0.0,541921,34115,15,418.86,1148,0.0001,2.9548745281715583e-06,0.021396183874458075,53696
0.0,543601,34227,15,417.6,1152,0.0001,1.9280542016275604e-06,0.0213880380615592,53864
0.0,545441,34348,15,419.2,1156,0.0001,3.433684820919325e-06,0.021257836371660233,54048
0.0,547201,34463,15,420.8,1160,0.0001,1.778533924579051e-06,0.021146252751350403,54224
0.0,549041,34579,15,422.42,1164,0.0001,3.431434583589521e-06,0.020956330467015505,54408
0.0,550721,34692,15,422.45,1168,0.0001,2.6012495979443884e-06,0.02098576119169593,54576
0.0,552241,34800,15,420.0,1172,0.0001,1.9143222349526923e-06,0.020857848692685366,54728
0.0,554001,34915,15,420.8,1176,0.0001,3.3505653078691466e-06,0.02076504798606038,54904
0.0,555681,35027,15,421.86,1180,0.0001,4.633062806291832e-06,0.02069623628631234,55072
0.0,557281,35137,15,420.8,1184,0.0001,1.0166355437490893e-06,0.02060894016176462,55232
0.0,558801,35245,15,419.2,1188,0.0001,4.00134139688646e-06,0.02040236024186015,55384
0.0,560481,35358,15,418.4,1192,0.0001,1.7552460285230609e-06,0.020403195172548294,55552
0.0,562161,35477,15,419.2,1196,0.0001,3.070215310430058e-06,0.020216400735080242,55720
0.0,563761,35587,15,418.4,1200,0.0001,2.3255763021978737e-06,0.020226255990564823,55880
0.0,565521,35701,15,417.6,1204,0.0001,3.905664931025399e-06,0.020034921821206808,56056
0.0,567281,35821,15,418.44,1208,0.0001,4.568908906321667e-06,0.020005298778414726,56232
0.0,569041,35939,15,420.8,1212,0.0001,3.194529600847318e-06,0.01990075269713998,56408
0.0,570915,36056,15,423.21,1216,0.0001,2.03959995559444e-07,0.019820031244307756,56592
0.0,572641,36170,15,424.0,1220,0.0001,1.561621779444522e-06,0.019703533966094255,56768
0.0,574401,36285,15,425.6,1224,0.0001,1.7077487015626502e-06,0.019644427578896284,56944
0.0,576001,36395,15,425.26,1228,0.0001,2.9303365067789855e-06,0.01953319041058421,57104
0.0,577801,36516,15,426.8,1232,0.0001,2.4396361908429753e-07,0.019449213054031134,57280
0.0,579281,36623,15,423.44,1236,0.0001,1.7634833566759767e-06,0.019395753741264343,57432
0.0,581041,36737,15,424.85,1240,0.0001,1.4675489197202296e-06,0.019209670834243298,57608
0.0,582561,36844,15,424.0,1244,0.0001,8.232640524852286e-07,0.019203017465770245,57760
0.0,584005,36950,15,420.84,1248,0.0001,1.697281986068333e-07,0.019182856660336256,57904
0.0,585705,37067,15,421.04,1252,0.0001,2.079909847907402e-06,0.01900754263624549,58072
0.0,587521,37187,15,420.8,1256,0.0001,1.712408717935432e-06,0.018907418008893728,58256
0.0,589281,37310,15,420.8,1260,0.0001,1.3811287704612596e-06,0.018754733260720968,58432
0.0,590961,37423,15,419.2,1264,0.0001,9.102010860573273e-07,0.01868503214791417,58600
0.0,592801,37540,15,420.8,1268,0.0001,1.9809099018885945e-06,0.018609620165079832,58784
0.0,594401,37651,15,421.6,1272,0.0001,1.3577716782009475e-06,0.018391840625554323,58944
0.0,596081,37763,15,420.8,1276,0.0001,1.3761454944472007e-06,0.01840357994660735,59112
0.0,597681,37873,15,420.0,1280,0.0001,3.1297331517521343e-06,0.01832708576694131,59272
0.0,599246,37982,15,419.65,1284,0.0001,1.41433113931555e-06,0.018326766323298216,59424
0.0,601116,38100,15,423.15,1288,0.0001,1.5035796128159973e-06,0.018199946731328964,59608
0.0,602760,38212,15,422.79,1292,0.0001,1.3609386506630017e-06,0.018168170005083084,59776
0.0,604481,38327,15,423.2,1296,0.0001,2.0075853619516693e-06,0.017982924357056618,59952
0.0,606241,38442,15,424.8,1300,0.0001,7.808561814925952e-07,0.01785351149737835,60128
0.0,607761,38550,15,422.4,1304,0.0001,1.9128409096680343e-06,0.017864277586340904,60280
0.0,609441,38667,15,421.6,1308,0.0001,1.8604461438087583e-06,0.017777069937437773,60448
0.0,611281,38784,15,422.4,1312,0.0001,3.0590281525633145e-06,0.017638306599110365,60632
0.0,613121,38905,15,422.06,1316,0.0001,3.1150548895908514e-06,0.017523848451673985,60816
0.0,614801,39022,15,421.6,1320,0.0001,1.8474823093583836e-06,0.017415227834135294,60984
0.0,616694,39140,15,422.93,1324,0.0001,6.881065983677104e-07,0.017322564497590065,61168
0.0,618161,39248,15,421.6,1328,0.0001,2.4064425439007664e-06,0.01717181270942092,61320
0.0,620001,39366,15,422.0,1332,0.0001,1.80822528861313e-06,0.017278105951845646,61504
0.0,621601,39477,15,423.2,1336,0.0001,1.232914751625458e-06,0.017114011105149984,61664
0.0,623201,39593,15,421.6,1340,0.0001,6.767586713252172e-07,0.016983509995043278,61824
0.0,624961,39708,15,424.0,1344,0.0001,7.048360126660214e-07,0.01692923065274954,62000
0.0,626641,39825,15,426.36,1348,0.0001,7.693928560925656e-07,0.016993788070976734,62168
0.0,628081,39931,15,423.76,1352,0.0001,1.6263820015183228e-06,0.016809440217912197,62312
0.0,629841,40047,15,423.2,1356,0.0001,6.441344027052764e-07,0.016786697320640087,62488
0.0,631552,40161,15,422.71,1360,0.0001,1.104857370259893e-06,0.016705483198165894,62656
0.0,633075,40274,15,421.14,1364,0.0001,1.1624223361650365e-06,0.016677087638527155,62808
0.0,634561,40382,15,417.6,1368,0.0001,1.617778501383782e-06,0.01655156211927533,62960
0.0,636481,40502,15,420.8,1372,0.0001,1.590320527711242e-06,0.016543814446777105,63152
0.0,638081,40614,15,420.0,1376,0.0001,2.0556297499751963e-06,0.01637808233499527,63312
0.0,639921,40732,15,422.4,1380,0.0001,1.1996913240608365e-06,0.01636663917452097,63496
0.0,641392,40839,15,421.46,1384,0.0001,1.5610207615424088e-06,0.01620922889560461,63640
0.0,643121,40954,15,420.05,1388,0.0001,6.202049842585211e-07,0.016168496571481228,63816
0.0,644641,41064,15,418.81,1392,0.0001,1.563303557716722e-06,0.016041713301092386,63968
0.0,646105,41171,15,416.24,1396,0.0001,1.6134548879165322e-06,0.015989591367542744,64112
0.0,647506,41276,15,412.65,1400,0.0001,6.178164020376187e-07,0.015918797813355923,64248
0.0,649281,41393,15,415.2,1404,0.0001,1.6483131535238726e-06,0.015822051092982292,64432
0.0,651041,41509,15,416.0,1408,0.0001,1.0704338500033828e-06,0.01583535736426711,64608
0.0,652801,41624,15,415.2,1412,0.0001,5.632762212215425e-07,0.015691038221120834,64784
0.0,654481,41738,15,413.6,1416,0.0001,1.0979652262932404e-06,0.015609721187502146,64952
0.0,656081,41849,15,412.8,1420,0.0001,2.3155350721282275e-06,0.015430927742272615,65112
0.0,657713,41966,15,410.19,1424,0.0001,1.396011668042263e-06,0.015490701887756586,65272
0.0,659441,42084,15,412.8,1428,0.0001,9.823486628590672e-07,0.01539403828792274,65448
0.0,661201,42199,15,412.0,1432,0.0001,9.72359716300275e-07,0.015401638112962246,65624
0.0,663031,42317,15,414.3,1436,0.0001,1.4301841044783714e-06,0.0152451335452497,65800
0.0,664801,42436,15,416.0,1440,0.0001,1.3970635315274649e-06,0.015182542847469449,65984
0.0,666481,42549,15,415.2,1444,0.0001,9.647989465122464e-07,0.015058935852721334,66152
0.0,668241,42668,15,416.0,1448,0.0001,5.056405516512541e-07,0.015061820158734918,66328
0.0,669921,42787,15,418.4,1452,0.0001,1.2569010623408872e-06,0.0149239138700068,66496
0.0,671441,42897,15,416.0,1456,0.0001,1.846882833334007e-06,0.014813380781561136,66648
0.0,673121,43011,15,415.69,1460,0.0001,1.2980586010513662e-06,0.014869874576106668,66816
0.0,674721,43122,15,416.46,1464,0.0001,2.269519612241311e-06,0.014705978101119399,66976
0.0,676481,43237,15,419.2,1468,0.0001,1.2131538618120885e-07,0.014701616717502475,67152
0.0,678081,43353,15,416.0,1472,0.0001,1.6175170429733043e-06,0.014614572282880545,67312
0.0,679841,43469,15,417.6,1476,0.0001,1.2851727682061664e-06,0.014518578769639134,67488
0.0,681601,43585,15,416.8,1480,0.0001,5.345570404102773e-07,0.014537111157551408,67664
0.0,683361,43702,15,419.69,1484,0.0001,1.2983836579216756e-06,0.014385940739884973,67840
0.0,684961,43817,15,418.4,1488,0.0001,8.466536982609796e-07,0.014388558687642217,68000
0.0,686721,43933,15,420.8,1492,0.0001,1.4407349624434573e-07,0.014283390017226338,68176
0.0,688401,44052,15,422.96,1496,0.0001,7.918192403977287e-07,0.014223970472812653,68344
0.0,690081,44166,15,425.75,1500,0.0001,1.1249378388811238e-06,0.014109061798080802,68512
0.0,691841,44282,15,425.6,1504,0.0001,8.319657913702372e-07,0.014077291591092944,68688
0.0,693555,44397,15,425.14,1508,0.0001,7.997744333465562e-07,0.014015530003234744,68856
0.0,694881,44501,15,420.8,1512,0.0001,1.8437988291708507e-06,0.013927196152508259,68992
0.0,696481,44613,15,420.0,1516,0.0001,1.5036375113908207e-06,0.013860909501090646,69152
0.0,697921,44721,15,418.4,1520,0.0001,1.1015480194664917e-06,0.013815668877214193,69296
0.0,699601,44835,15,418.88,1524,0.0001,1.2046409665344981e-06,0.013792653102427721,69464
0.0,701361,44954,15,419.2,1528,0.0001,1.495777304683088e-06,0.013716820161789656,69640
0.0,703121,45071,15,419.2,1532,0.0001,1.1381299085400087e-06,0.013626598287373781,69816
0.0,704721,45188,15,416.9,1536,0.0001,7.396390815372911e-07,0.013591860188171268,69976
0.0,706481,45309,15,416.8,1540,0.0001,4.4325390913257934e-07,0.01347542111761868,70152
0.0,708241,45426,15,417.6,1544,0.0001,3.992848696121598e-07,0.013447825331240892,70328
0.0,709921,45541,15,416.8,1548,0.0001,4.387568894870242e-07,0.013394839596003294,70496
0.0,711441,45655,15,415.2,1552,0.0001,1.3655258053191233e-06,0.013309689937159419,70648
0.0,712892,45763,15,414.51,1556,0.0001,3.960750674103508e-07,0.013361226301640272,70792
0.0,714401,45872,15,412.8,1560,0.0001,4.123848409420816e-07,0.013211368350312114,70944
0.0,716001,45984,15,412.8,1564,0.0001,7.703067224085203e-07,0.013141413917765021,71104
0.0,717761,46101,15,412.8,1568,0.0001,9.963726963491126e-07,0.013135084183886647,71280
0.0,719601,46221,15,415.2,1572,0.0001,4.081870521588371e-07,0.012992719886824489,71464
0.0,721201,46333,15,413.6,1576,0.0001,1.066324482934533e-06,0.012932155979797244,71624
0.0,722721,46442,15,411.2,1580,0.0001,6.779600045803136e-07,0.012886357260867953,71776
0.0,724243,46553,15,408.82,1584,0.0001,6.802383047954663e-07,0.012793987756595016,71928
0.0,725682,46660,15,407.21,1588,0.0001,7.150124403665359e-07,0.012860107002779841,72072
0.0,727201,46771,15,404.8,1592,0.0001,9.605996433847963e-07,0.01271234080195427,72224
0.0,728721,46881,15,403.2,1596,0.0001,3.665234524774519e-07,0.012685909401625395,72376
0.0,730241,46991,15,401.6,1600,0.0001,4.4836403745307507e-07,0.012733216397464275,72528
0.0,731681,47099,15,398.4,1604,0.0001,2.2842984979121184e-06,0.012495068600401282,72672
0.0,733201,47212,15,396.46,1608,0.0001,9.484293190809012e-07,0.012479854980483651,72824
0.0,734881,47328,15,400.0,1612,0.0001,9.870141486345574e-07,0.012595962965860963,72992
0.0,736463,47443,15,399.82,1616,0.0001,6.35324719944208e-07,0.012385939247906208,73144
0.0,741685,47666,15,437.64,1620,0.0001,3.5675584086902745e-07,0.01230298331938684,73672
0.0,743281,47778,15,436.8,1624,0.0001,6.60688751707994e-07,0.012217910960316658,73832
0.0,744801,47888,15,434.4,1628,0.0001,6.254583908571476e-07,0.012188204564154148,73984
0.0,746481,48003,15,433.6,1632,0.0001,4.141175349303694e-07,0.012153543531894684,74152
0.0,748161,48123,15,434.4,1636,0.0001,5.858666778379984e-07,0.01204045582562685,74320
0.0,749841,48238,15,433.6,1640,0.0001,3.451725012482143e-07,0.011977458605542779,74488
0.0,751161,48342,15,429.2,1644,0.0001,1.0934720982014312e-06,0.011909710709005594,74616
0.0,752641,48452,15,427.2,1648,0.0001,3.406355526536231e-07,0.01193812140263617,74768
0.0,754241,48564,15,428.0,1652,0.0001,5.755648930794166e-07,0.011883512139320374,74928
0.0,756081,48684,15,431.89,1656,0.0001,5.838071062136407e-07,0.011815459234640002,75112
0.0,757681,48796,15,432.8,1660,0.0001,3.5687111843429875e-07,0.011750352568924427,75272
0.0,759281,48909,15,432.8,1664,0.0001,1.0636047313994368e-06,0.01160367694683373,75432
0.0,760961,49025,15,432.0,1668,0.0001,5.578474930878485e-07,0.011643374571576715,75600
0.0,762401,49133,15,428.0,1672,0.0001,8.373030091490818e-07,0.011598116718232632,75744
0.0,763921,49244,15,427.2,1676,0.0001,1.2010720382704676e-06,0.011471833102405071,75896
0.0,765601,49359,15,428.8,1680,0.0001,1.005608714965689e-06,0.01150875398889184,76064
0.0,767361,49477,15,431.18,1684,0.0001,8.597383320818608e-07,0.011416579829528928,76240
0.0,768881,49588,15,431.99,1688,0.0001,5.057040075584496e-07,0.011357140028849244,76392
0.0,770561,49703,15,433.6,1692,0.0001,3.291254699888668e-07,0.011318524600937963,76560
0.0,772161,49816,15,434.4,1696,0.0001,3.774792940447469e-07,0.011268318397924304,76720
0.0,774081,49952,15,438.4,1700,0.0001,5.310600910135577e-07,0.01118779112584889,76912
0.0,775806,50074,15,441.25,1704,0.0001,7.402150981050681e-07,0.011148318648338318,77080
0.0,777441,50188,15,442.4,1708,0.0001,9.871088666457695e-07,0.01105520804412663,77248
0.0,779201,50306,15,443.2,1712,0.0001,2.74176418901817e-07,0.011057017371058464,77424
0.0,780881,50421,15,444.18,1716,0.0001,7.432287336683885e-07,0.010958017315715551,77592
0.0,782561,50540,15,408.76,1720,0.0001,7.256322831494799e-08,0.010942435590550303,77760
0.0,784241,50660,15,409.6,1724,0.0001,7.313784902152065e-07,0.010912534315139055,77928
0.0,786001,50784,15,412.0,1728,0.0001,4.784318781148045e-07,0.010802834993228316,78104
0.0,787761,50901,15,412.8,1732,0.0001,7.291673504994378e-07,0.010758840711787343,78280
0.0,789281,51012,15,411.2,1736,0.0001,8.830294841999375e-07,0.010760969016700983,78432
0.0,791041,51140,15,412.0,1740,0.0001,6.659555769061853e-07,0.010682173073291779,78608
0.0,792803,51257,15,416.42,1744,0.0001,6.32758259566657e-07,0.01062321593053639,78784
0.0,794481,51372,15,418.4,1748,0.0001,6.196489565901686e-08,0.010618200292810798,78952
0.0,796321,51492,15,420.8,1752,0.0001,1.0949269277915619e-06,0.010399240534752607,79136
0.0,798161,51612,15,420.8,1756,0.0001,4.3315516373709784e-07,0.01044521271251142,79320
0.0,799921,51729,15,422.4,1760,0.0001,8.117211214297981e-08,0.010435131145641208,79496
0.0,801646,51845,15,423.65,1764,0.0001,5.02297097249027e-07,0.010348276933655143,79664
0.0,803201,51957,15,422.4,1768,0.0001,7.879521737308437e-07,0.010323225287720561,79824
0.0,804801,52070,15,424.0,1772,0.0001,8.255729040396176e-07,0.010169754503294826,79984
0.0,806321,52180,15,424.0,1776,0.0001,7.344753694127348e-08,0.010264571057632565,80136
0.0,808081,52305,15,424.8,1780,0.0001,6.439450559447835e-07,0.010164859937503934,80312
0.0,809521,52417,15,421.6,1784,0.0001,7.615217945122765e-07,0.010110315401107073,80456
0.0,811281,52538,15,424.0,1788,0.0001,2.329996338090723e-07,0.010091140633448958,80632
0.0,813041,52660,15,424.8,1792,0.0001,8.084901703675484e-07,0.009992653969675303,80808
0.0,814641,52777,15,424.8,1796,0.0001,7.961964580971426e-07,0.009938773699104786,80968
0.0,816266,52894,15,421.85,1800,0.0001,4.038234087122561e-07,0.009880316210910678,81128
0.0,817726,53007,15,419.2,1804,0.0001,7.762731168980963e-07,0.009889620821923018,81272
0.0,819201,53120,15,417.6,1808,0.0001,4.3254711235007903e-07,0.00980042782612145,81424
0.0,820641,53232,15,414.4,1812,0.0001,4.264085697869291e-07,0.009804681409150362,81568
0.0,822241,53354,15,413.6,1816,0.0001,2.5026154482077345e-07,0.00977126881480217,81728
0.0,823681,53465,15,411.2,1820,0.0001,2.301486179412393e-07,0.00981169636361301,81872
0.0,825121,53582,15,408.8,1824,0.0001,3.9401602824895576e-07,0.009721707785502076,82016
0.0,826641,53697,15,406.4,1828,0.0001,2.2352886386300952e-07,0.009655686095356941,82168
0.0,827811,53805,15,400.5,1832,0.0001,7.224133948824374e-07,0.009604264283552766,82280
0.0,829201,53926,15,399.2,1836,0.0001,5.125292856789088e-07,0.00956849055364728,82424
0.0,830561,54042,15,395.2,1840,0.0001,2.1868062249907894e-07,0.00959110795520246,82560
0.0,831921,54156,15,391.18,1844,0.0001,4.121828824921181e-07,0.009516868274658918,82696
0.0,833224,54268,15,387.43,1848,0.0001,8.796116537368448e-07,0.009436685359105468,82824
0.0,834561,54380,15,382.4,1852,0.0001,4.2856876714125747e-07,0.00946426740847528,82960
0.0,836001,54494,15,378.4,1856,0.0001,2.081165229039783e-07,0.00941850058734417,83104
0.0,837312,54603,15,373.91,1860,0.0001,3.72612056764865e-07,0.009435518411919475,83232
0.0,838721,54714,15,370.75,1864,0.0001,5.05949785400972e-07,0.009311004308983684,83376
0.0,840321,54831,15,371.2,1868,0.0001,2.075274609936173e-07,0.009280529571697116,83536
0.0,841681,54941,15,368.8,1872,0.0001,3.4983770613727927e-07,0.009292365750297904,83672
0.0,843361,55060,15,370.4,1876,0.0001,7.187767905314502e-07,0.009152334416285157,83840
0.0,844801,55175,15,367.2,1880,0.0001,5.589815206263893e-07,0.009187323739752173,83984
0.0,846185,55288,15,366.64,1884,0.0001,1.9938105566552622e-07,0.009115859167650342,84120
0.0,847841,55406,15,365.6,1888,0.0001,5.464743368932545e-07,0.0090824319049716,84288
0.0,849361,55521,15,363.2,1892,0.0001,5.656170385393011e-07,0.009047996951267123,84440
0.0,850963,55639,15,363.22,1896,0.0001,2.4088556882517764e-07,0.009038147050887346,84600
0.0,852481,55753,15,362.15,1900,0.0001,1.830997700125181e-07,0.008990151109173894,84752
0.0,853921,55865,15,361.95,1904,0.0001,3.5801868625284783e-07,0.00891326367855072,84896
0.0,855521,55981,15,363.2,1908,0.0001,8.645336113666247e-07,0.008866363437846303,85056
0.0,856926,56092,15,362.85,1912,0.0001,3.317432477611959e-07,0.008846012875437737,85192
0.0,858641,56218,15,364.0,1916,0.0001,4.974007365987632e-07,0.008789862040430307,85368
0.0,860321,56349,15,366.4,1920,0.0001,8.442092980232019e-08,0.008802295895293355,85536
0.0,861761,56462,15,366.4,1924,0.0001,2.0304259207293285e-07,0.008772746194154024,85680
0.0,863361,56579,15,367.2,1928,0.0001,3.625212112723375e-07,0.008742713602259755,85840
0.0,864881,56694,15,370.7,1932,0.0001,4.7237981792846995e-07,0.008652314310893416,85992
0.0,866401,56809,15,372.0,1936,0.0001,3.1907346165205297e-07,0.008571719517931342,86144
0.0,867727,56917,15,371.66,1940,0.0001,4.326505136376113e-07,0.008621391607448459,86272
0.0,869166,57029,15,372.45,1944,0.0001,4.7046158080377154e-07,0.00852362927980721,86416
0.0,870561,57138,15,373.37,1948,0.0001,3.7769822824884614e-08,0.008553758962079883,86560
0.0,872161,57251,15,376.0,1952,0.0001,1.7233959637152907e-07,0.008482861332595348,86720
0.0,873621,57360,15,376.2,1956,0.0001,6.019100995402482e-08,0.008497642120346427,86864
0.0,875281,57480,15,379.69,1960,0.0001,3.767278022870357e-08,0.008421981241554022,87032
0.0,876961,57595,15,382.4,1964,0.0001,6.744281004777974e-07,0.008341631386429071,87200
0.0,878586,57713,15,382.65,1968,0.0001,4.870573966364589e-07,0.008365248097106814,87360
0.0,880321,57831,15,386.4,1972,0.0001,5.196712464794473e-07,0.008254347601905465,87536
0.0,881761,57952,15,384.0,1976,0.0001,3.5625464134270146e-08,0.0082794358022511,87680
0.0,883281,58068,15,384.8,1980,0.0001,5.22232525668187e-07,0.008200856391340494,87832
0.0,884641,58184,15,384.56,1984,0.0001,2.710493940405456e-07,0.008196607232093811,87968
0.0,886001,58316,15,381.6,1988,0.0001,5.1084535934720066e-08,0.008191911969333887,88104
0.0,887011,58447,15,376.5,1992,0.0001,2.681721236186263e-07,0.008167189313098788,88200
0.0,887921,58590,15,369.58,1996,0.0001,4.1674500028676675e-07,0.008119027828797698,88296
0.0,888770,58726,15,362.89,2000,0.0001,3.890424473684817e-07,0.008123355451971292,88376
0.0,889761,58869,15,358.4,2004,0.0001,4.999382263726204e-07,0.008044514805078506,88480
0.0,890721,59023,15,352.0,2008,0.0001,3.0365146397315357e-07,0.008057240396738052,88576
0.0,891601,59184,15,346.75,2012,0.0001,3.963648231852801e-07,0.008025672053918242,88664
0.0,892481,59337,15,338.4,2016,0.0001,2.64353733570033e-07,0.008073631674051285,88752
0.0,893380,59478,15,330.59,2020,0.0001,2.594524932675313e-07,0.008024545852094889,88840
0.0,894288,59618,15,325.27,2024,0.0001,6.743610074799733e-07,0.008042721077799797,88928
0.0,895201,59759,14,318.4,2028,0.0001,2.912697731893843e-07,0.007998442277312279,89024
0.0,896081,59904,14,312.0,2032,0.0001,6.147508067044782e-07,0.007926861522719264,89112
0.0,897042,60030,14,306.41,2036,0.0001,4.159120182700704e-07,0.007941070245578885,89208
0.0,897921,60177,14,301.94,2040,0.0001,4.054540099218684e-07,0.007917525013908744,89296
0.0,898961,60323,14,297.95,2044,0.0001,7.573528177928779e-07,0.007912894478067756,89400
0.0,899921,60466,14,293.6,2048,0.0001,6.693545717695315e-07,0.007850727764889598,89496
0.0,900881,60616,14,287.2,2052,0.0001,6.323873855684781e-07,0.007839441997930408,89592
0.0,901811,60765,14,281.9,2056,0.0001,1.8132653734070914e-07,0.00790621736086905,89680
0.0,902721,60905,14,274.4,2060,0.0001,1.4075589782613918e-07,0.007850805064663291,89776
0.0,903601,61044,14,266.4,2064,0.0001,1.549923656085639e-07,0.007871350273489952,89864
0.0,904641,61189,14,260.55,2068,0.0001,6.426736578468706e-07,0.007830983959138393,89968
0.0,905596,61338,14,252.75,2072,0.0001,4.98867330556152e-07,0.007809275877662003,90056
0.0,906561,61500,14,248.0,2076,0.0001,5.648630594379256e-07,0.007751433877274394,90160
0.0,907522,61647,14,242.41,2080,0.0001,4.521102208165928e-07,0.007725394796580076,90256
0.0,908481,61796,14,238.4,2084,0.0001,2.986276843586211e-07,0.007717507891356945,90352
0.0,909361,61948,14,233.6,2088,0.0001,5.09516386637543e-07,0.007633075816556811,90440
0.0,910321,62100,14,233.1,2092,0.0001,5.779452969534304e-07,0.007686261204071343,90536
0.0,911281,62259,14,233.6,2096,0.0001,6.34574910840513e-07,0.007689324673265219,90632
0.0,916001,62550,14,272.31,2100,0.0001,4.489336156154877e-07,0.007604646030813456,91104
0.0,916881,62695,14,271.2,2104,0.0001,1.355992718110599e-07,0.007575819501653314,91192
0.0,917754,62843,14,270.33,2108,0.0001,4.862244571413044e-07,0.00756119133438915,91272
0.0,918721,62995,14,271.2,2112,0.0001,2.822504865385156e-07,0.007593486225232482,91376
0.0,919601,63141,14,271.2,2116,0.0001,6.23993448023441e-07,0.007516489597037435,91464
0.0,920561,63281,14,271.81,2120,0.0001,5.992587364112012e-07,0.007503930828534067,91560
0.0,921521,63439,14,272.33,2124,0.0001,8.446839983022869e-07,0.00743860425427556,91656
0.0,922401,63578,14,272.0,2128,0.0001,4.5617425348254415e-07,0.007470918702892959,91744
0.0,923281,63727,14,272.0,2132,0.0001,5.49002574956603e-07,0.007489365176297724,91832
0.0,924213,63871,14,271.71,2136,0.0001,2.9397555856292e-07,0.007431167527101934,91920
0.0,925121,64022,14,272.0,2140,0.0001,3.50096517331977e-07,0.007452827412635088,92016
0.0,926081,64164,14,271.2,2144,0.0001,1.5243641593443158e-07,0.007461028988473117,92112
0.0,927041,64307,14,271.2,2148,0.0001,4.6959107180555293e-07,0.007416359148919582,92208
0.0,928001,64451,14,271.2,2152,0.0001,4.6604693082485937e-07,0.0074508023681119084,92304
0.0,928881,64595,14,270.7,2156,0.0001,3.494965352679458e-07,0.00735020637512207,92392
0.0,929817,64735,14,270.96,2160,0.0001,4.255937180452918e-08,0.007352366694249213,92480
0.0,930801,64877,14,272.0,2164,0.0001,3.327413411469138e-07,0.007352559710852802,92584
0.0,931761,65018,14,271.2,2168,0.0001,4.3982119057872637e-07,0.007352473214268684,92680
0.0,932721,65158,14,271.25,2172,0.0001,3.359388944801367e-07,0.007259428617544472,92776
0.0,933681,65305,14,271.2,2176,0.0001,6.528070439770772e-07,0.007245715358294547,92872
0.0,934641,65451,14,271.19,2180,0.0001,4.319486124337857e-07,0.007251661620102823,92968
0.0,935601,65589,14,271.2,2184,0.0001,3.2475980926705006e-07,0.007241596351377666,93064
0.0,936561,65729,14,272.0,2188,0.0001,3.411605025149811e-07,0.007210548268631101,93160
0.0,937521,65879,14,272.0,2192,0.0001,3.408657511805302e-07,0.007207567454315722,93256
0.0,938481,66026,14,272.0,2196,0.0001,1.1622089879370634e-07,0.007191600394435227,93352
0.0,939361,66178,14,233.6,2200,0.0001,6.378641379534145e-07,0.0071567356353625655,93440
0.0,940321,66318,14,234.4,2204,0.0001,4.198717995507195e-07,0.007144376984797418,93536
0.0,941281,66457,14,235.27,2208,0.0001,3.0773090919922197e-07,0.0071740696439519525,93632
0.0,942235,66594,14,235.14,2212,0.0001,3.921197708756097e-07,0.007153364829719067,93720
0.0,943195,66732,14,235.94,2216,0.0001,6.270522319162808e-07,0.0071084072114899755,93816
0.0,944161,66872,14,236.0,2220,0.0001,5.204245376866368e-07,0.007084106327965856,93920
0.0,945201,67014,14,236.8,2224,0.0001,2.6528946461823466e-07,0.007046848069876432,94024
0.0,946161,67153,14,237.6,2228,0.0001,3.875062835057008e-07,0.007069968152791262,94120
0.0,947086,67290,14,238.05,2232,0.0001,1.2346033706478465e-07,0.007038311799988151,94208
0.0,948058,67429,14,238.45,2236,0.0001,3.2300490060421794e-07,0.006987510831095278,94304
0.0,949041,67570,14,239.2,2240,0.0001,2.952902653508005e-07,0.007010570610873401,94408
0.0,950001,67718,14,239.2,2244,0.0001,5.877554798416895e-07,0.0069500969257205725,94504
0.0,950961,67856,14,239.2,2248,0.0001,2.815800155264725e-07,0.0069683685433119535,94600
0.0,951921,67995,13,239.2,2252,0.0001,2.178611442360534e-07,0.006954299635253847,94696
0.0,952881,68132,13,240.0,2256,0.0001,3.1621914664548e-07,0.006974120158702135,94792
0.0,953875,68271,13,240.58,2260,0.0001,6.638131342384668e-07,0.006895246100611985,94888
0.0,954801,68408,13,240.0,2264,0.0001,2.2135988420046715e-07,0.006923367385752499,94984
0.0,955841,68562,13,240.8,2268,0.0001,2.1599563693186496e-07,0.0069474882911890745,95088
0.0,956721,68696,13,240.0,2272,0.0001,2.1638754899022672e-08,0.006889652227982879,95176
0.0,957723,68838,13,240.42,2276,0.0001,5.629845034604841e-07,0.006794955697841942,95272
0.0,958801,68989,13,241.6,2280,0.0001,2.8176729727213967e-07,0.006858001928776503,95384
0.0,959761,69124,13,241.6,2284,0.0001,3.6628927491122454e-07,0.006802558316849172,95480
0.0,960773,69261,13,242.12,2288,0.0001,3.814850122463298e-07,0.006797745008952916,95576
0.0,961764,69405,13,242.43,2292,0.0001,2.2193377424706284e-07,0.0067723674001172185,95680
0.0,962723,69540,13,242.42,2296,0.0001,3.2216029444143146e-07,0.006762861041352153,95776
0.0,963681,69677,13,243.2,2300,0.0001,4.590363731349356e-07,0.006743668229319155,95872
0.0,964641,69838,13,243.2,2304,0.0001,3.723167436575636e-07,0.0067326732678338885,95968
0.0,965761,69966,13,244.8,2308,0.0001,2.2405677446712957e-07,0.006722608348354697,96080
0.0,967041,70082,13,248.06,2312,0.0001,2.87121730835338e-07,0.006685708765871823,96208
0.0,968465,70198,13,252.7,2316,0.0001,6.959363008096631e-07,0.006635400000959635,96344
0.0,969921,70316,13,257.6,2320,0.0001,4.607665375910841e-07,0.006615536753088236,96496
0.0,971427,70435,13,262.26,2324,0.0001,5.340165272205155e-07,0.006576469517312944,96640
0.0,972881,70553,13,267.2,2328,0.0001,4.4388576059262164e-07,0.006586366915144026,96792
0.0,974274,70668,13,271.88,2332,0.0001,3.5268848641578643e-07,0.006498651695437729,96928
0.0,975601,70785,13,275.43,2336,0.0001,2.1677728989644152e-07,0.0065263372380286455,97064
0.0,976996,70901,13,279.55,2340,0.0001,3.601867337721387e-07,0.0065128939459100366,97200
0.0,978323,71018,13,283.22,2344,0.0001,4.4347294103630475e-07,0.006482531898654997,97336
0.0,979841,71140,13,288.8,2348,0.0001,3.3747652772309067e-07,0.00634332955814898,97488
0.0,981145,71259,13,292.24,2352,0.0001,1.6543893133214027e-07,0.006267550401389599,97616
0.0,982586,71378,13,297.05,2356,0.0001,1.5997084730490219e-07,0.006245148368179798,97760
0.0,983921,71494,13,300.46,2360,0.0001,2.476792534122918e-07,0.0062081406358629465,97896
0.0,985281,71609,13,304.8,2364,0.0001,3.2350942369419045e-07,0.006186264683492482,98032
0.0,986885,71731,13,310.44,2368,0.0001,2.3574113944269115e-07,0.0061514065600931644,98192
0.0,988161,71851,13,314.4,2372,0.0001,5.148798555842937e-07,0.0060998257249593735,98320
0.0,989521,71976,13,317.98,2376,0.0001,5.872310182980511e-07,0.006028071977198124,98456
0.0,990801,72091,13,320.0,2380,0.0001,2.2081310495358775e-07,0.0060635077534243464,98584
0.0,992081,72205,13,323.2,2384,0.0001,2.4242080054470705e-07,0.006027141818776727,98712
0.0,993361,72319,13,325.88,2388,0.0001,6.437145214643891e-07,0.0059696793323382735,98840
0.0,994721,72437,13,329.57,2392,0.0001,1.434595136920458e-07,0.006003679474815726,98976
0.0,996146,72551,13,334.23,2396,0.0001,7.782993283189654e-08,0.005968189332634211,99112
0.0,997521,72668,13,338.4,2400,0.0001,4.977029023356394e-07,0.005919459508731961,99256
0.0,998881,72785,13,342.4,2404,0.0001,2.2715997624600526e-09,0.005925204255618155,99392
