time/total_timesteps,rollout/ep_len_mean,train/actor_loss,rollout/ep_rew_mean,time/time_elapsed,train/learning_rate,train/critic_loss,time/fps,train/n_updates,time/episodes
8000,2000.0,-0.04074360802769661,0.0,462,0.001,5.33043930772692e-07,17,6999,4
16000,2000.0,-0.03230094164609909,0.0,892,0.001,8.04374622465076e-12,17,14999,8
24000,2000.0,-0.02762981876730919,0.0,1319,0.001,9.539002832070764e-08,18,22999,12
32000,2000.0,-0.02378496155142784,0.0,1752,0.001,3.7920571571703476e-08,18,30999,16
40000,2000.0,-0.020309671759605408,0.0,2187,0.001,4.798889619017643e-10,18,38999,20
48000,2000.0,-0.017469551414251328,0.0,2596,0.001,1.0769383607112104e-08,18,46999,24
55683,1988.6785714285713,-0.014778204262256622,0.0,2993,0.001,1.5609233350311058e-10,18,54682,28
63463,1983.21875,-0.012135971337556839,0.0,3399,0.001,2.7654441236979466e-13,18,62462,32
71463,1985.0833333333333,-0.009947855025529861,0.0,3827,0.001,2.3231763734976596e-13,18,70462,36
79463,1986.575,-0.008432669565081596,0.0,4250,0.001,4.92075713509621e-10,18,78462,40
87463,1987.7954545454545,-0.007320690900087357,0.0,4671,0.001,5.850925077766078e-09,18,86462,44
95463,1988.8125,-0.006381623446941376,0.0,5094,0.001,8.337993406826172e-09,18,94462,48
103463,1989.673076923077,-0.005524979904294014,0.0,5520,0.001,1.822954009966793e-09,18,102462,52
111211,1985.9107142857142,-0.00476450752466917,0.0,5930,0.001,5.0806345242015993e-11,18,110210,56
119211,1986.85,-0.003899242728948593,0.0,6371,0.001,1.292857422681426e-13,18,118210,60
127211,1987.671875,-0.0033826539292931557,0.0,6813,0.001,2.7979065730932007e-09,18,126210,64
134664,1980.3529411764705,-0.002915887627750635,0.0,7211,0.001,5.915508534404257e-12,18,133663,68
142664,1981.4444444444443,-0.002430030144751072,0.0,7638,0.001,6.865858437343775e-10,18,141663,72
150664,1982.421052631579,-0.002130173146724701,0.0,8381,0.001,4.540698039789959e-09,17,149663,76
158664,1983.3,-0.0019222619011998177,0.0,8806,0.001,1.2242349356483828e-09,18,157663,80
166664,1984.095238095238,-0.0017369403503835201,0.0,9227,0.001,1.7186110312650271e-09,18,165663,84
174664,1984.8181818181818,-0.0015620477497577667,0.0,9652,0.001,2.1664035843027563e-10,18,173663,88
182123,1979.5978260869565,-0.0013664260040968657,0.0,10050,0.001,3.4128095904861766e-09,18,181122,92
189482,1973.7708333333333,-0.001200576312839985,0.0,10462,0.001,1.8787527089614287e-10,18,188481,96
196381,1963.81,-0.0009785003494471312,0.0,10836,0.001,2.8869712176415874e-10,18,195380,100
204317,1963.17,-0.0008648727089166641,0.0,11256,0.001,1.2631518053751734e-09,18,203316,104
212317,1963.17,-0.000688240397721529,0.0,11981,0.001,3.764596190336533e-09,17,211316,108
220317,1963.17,-0.0006813626969233155,0.0,12406,0.001,2.7342066388769126e-09,17,219316,112
227621,1956.21,-0.0006579613545909524,0.0,12802,0.001,1.607219912713731e-09,17,226620,116
235621,1956.21,-0.000597143720369786,0.0,13491,0.001,4.288746094371909e-11,17,234620,120
243621,1956.21,-0.0006058024591766298,0.0,13918,0.001,1.6251661127952843e-10,17,242620,124
251621,1959.38,-0.0005862858961336315,0.0,14340,0.001,2.9720956598588977e-12,17,250620,128
259621,1961.58,-0.0005910787731409073,0.0,14767,0.001,4.1609413137244644e-10,17,258620,132
267621,1961.58,-0.0005754646845161915,0.0,15189,0.001,2.0268944508905484e-11,17,266620,136
274739,1952.76,-0.000499566609505564,0.0,15572,0.001,9.171082296366428e-12,17,273738,140
282739,1952.76,-0.00048014093772508204,0.0,15993,0.001,2.1184878851165934e-10,17,281738,144
290163,1947.0,-0.00045496877282857895,0.0,16390,0.001,7.528052625715986e-10,17,289162,148
298163,1947.0,-0.00042957550613209605,0.0,16812,0.001,2.0108611997748937e-10,17,297162,152
306163,1949.52,-0.00047933051246218383,0.0,17234,0.001,8.684306052053614e-10,17,305162,156
314163,1949.52,-0.0004972382448613644,0.0,17679,0.001,1.0752110313205776e-09,17,313162,160
322143,1949.32,-0.0004832030681427568,0.0,18099,0.001,9.699939740315244e-10,17,321142,164
330143,1954.79,-0.00042649495298974216,0.0,18527,0.001,9.934696294788825e-12,17,329142,168
338143,1954.79,-0.0004412250709719956,0.0,18950,0.001,1.6602277885802152e-10,17,337142,172
345221,1945.57,-0.0004129572189413011,0.0,19336,0.001,6.08693928594306e-11,17,344220,176
353221,1945.57,-0.0004122635582461953,0.0,19760,0.001,6.290881704451579e-11,17,352220,180
361221,1945.57,-0.0004347320937085897,0.0,20184,0.001,1.7173644450974024e-11,17,360220,184
369221,1945.57,-0.00043456879211589694,0.0,20607,0.001,1.560536769251719e-11,17,368220,188
377221,1950.98,-0.0005350208375602961,0.0,21030,0.001,1.364995227959298e-08,17,376220,192
385221,1957.39,-0.0004556133644655347,0.0,21452,0.001,6.8643155395897715e-12,17,384220,196
391617,1952.36,-0.00041721577872522175,0.0,21801,0.001,2.1498147706466852e-09,17,390616,200
399219,1949.02,-0.0003766955924220383,0.0,22204,0.001,8.131528436705615e-12,17,398218,204
407219,1949.02,-0.00036486226599663496,0.0,22627,0.001,2.482617518680119e-13,17,406218,208
415219,1949.02,-0.00038257043343037367,0.0,23048,0.001,9.504016462713594e-10,18,414218,212
423219,1955.98,-0.00039121703593991697,0.0,23733,0.001,4.219181948261763e-11,17,422218,216
431219,1955.98,-0.00038382853381335735,0.0,24158,0.001,1.36511885129309e-10,17,430218,220
439219,1955.98,-0.00038850586861371994,0.0,24581,0.001,4.5601450393562004e-10,17,438218,224
447219,1955.98,-0.00038767611840739846,0.0,25003,0.001,3.2707392350062037e-09,17,446218,228
455219,1955.98,-0.00038377850432880223,0.0,25424,0.001,3.01316298301213e-11,17,454218,232
463219,1955.98,-0.0004064839449711144,0.0,25872,0.001,1.9121833283453071e-10,17,462218,236
471219,1964.8,-0.00037101804628036916,0.0,26296,0.001,5.391183610647943e-10,17,470218,240
479219,1964.8,-0.0004043098888359964,0.0,26720,0.001,7.324655465490437e-11,17,478218,244
487219,1970.56,-0.000413128494983539,0.0,27145,0.001,8.236840542963364e-09,17,486218,248
495219,1970.56,-0.000507737451698631,0.0,27571,0.001,9.257773214699228e-09,17,494218,252
503219,1970.56,-0.0004194482462480664,0.0,27993,0.001,9.6935046794977e-12,17,502218,256
511219,1970.56,-0.0004277188272681087,0.0,28415,0.001,1.1197718446931404e-10,17,510218,260
519219,1970.76,-0.0004363136540632695,0.0,28840,0.001,2.359847733890419e-11,18,518218,264
527054,1969.11,-0.0004396591684781015,0.0,29255,0.001,5.024051730195822e-10,18,526053,268
535054,1969.11,-0.00041173104546032846,0.0,29679,0.001,7.910203048133724e-11,18,534053,272
543054,1978.33,-0.00043393304804340005,0.0,30101,0.001,2.071947891035819e-10,18,542053,276
551054,1978.33,-0.00046162368380464613,0.0,30525,0.001,1.123394377522402e-09,18,550053,280
558686,1974.65,-0.0004113119503017515,0.0,30935,0.001,2.4248914508306907e-12,18,557685,284
566686,1974.65,-0.0004069972492288798,0.0,31356,0.001,4.235555656206813e-11,18,565685,288
574686,1974.65,-0.0013893303694203496,0.009999999776482582,32088,0.001,1.4214161531828085e-15,17,573685,292
582686,1974.65,-0.0027422625571489334,0.009999999776482582,32512,0.001,9.1811324168245e-15,17,581685,296
590686,1990.69,-0.0023083502892404795,0.009999999776482582,32950,0.001,6.71406541474795e-11,17,589685,300
598201,1989.82,-0.0019590468145906925,0.009999999776482582,33349,0.001,6.715212153701744e-14,17,597200,304
606201,1989.82,-0.0017178140114992857,0.009999999776482582,33773,0.001,1.1633717600378901e-10,17,605200,308
613600,1983.81,-0.001453884644433856,0.009999999776482582,34166,0.001,7.015425129708319e-09,17,612599,312
621600,1983.81,-0.001258614705875516,0.009999999776482582,34590,0.001,6.088883303806414e-12,17,620599,316
629600,1983.81,-0.0012036084663122892,0.009999999776482582,35033,0.001,2.8366049201374033e-13,17,628599,320
637324,1981.05,-0.001120622269809246,0.009999999776482582,35443,0.001,3.1078686291152735e-09,17,636323,324
645324,1981.05,-0.0009676989284344018,0.009999999776482582,35847,0.001,5.354414689406894e-10,18,644323,328
652839,1976.2,-0.0008454546914435923,0.009999999776482582,36232,0.001,6.273975228232587e-10,18,651838,332
660839,1976.2,-0.0007452460122294724,0.009999999776482582,36655,0.001,8.943779554850331e-14,18,659838,336
668839,1976.2,-0.0007359803421422839,0.009999999776482582,37068,0.001,1.2774130982596416e-14,18,667838,340
676839,1976.2,-0.000697217183187604,0.009999999776482582,37651,0.001,1.3850468549847506e-09,17,675838,344
684531,1973.12,-0.0006127571105025709,0.009999999776482582,38047,0.001,3.6555222737710835e-10,17,683530,348
692531,1973.12,-0.0005745512316934764,0.009999999776482582,38470,0.001,4.466937670449811e-12,18,691530,352
