time/iterations,rollout/ep_len_mean,time/total_timesteps,time/time_elapsed,time/fps,rollout/ep_rew_mean,train/policy_gradient_loss,train/explained_variance,train/approx_kl,train/value_loss,train/entropy_loss,train/learning_rate,train/clip_fraction,train/loss,train/clip_range,train/n_updates
1,457.25,2048,153,13,0.25,,,,,,,,,,
2,476.0,4096,282,14,0.25,-0.04957687432906823,-3.0735650062561035,0.025676437,0.010164196906407597,-2.2943696074187754,0.0003,0.162890625,-0.1179213672876358,0.2,10
3,443.53846153846155,6144,428,14,0.23076923191547394,-0.08768908359634224,-1.6101131439208984,0.051645845,0.00610727844396024,-2.2764047093689443,0.0003,0.3779296875,-0.14491240680217743,0.2,20
4,443.53846153846155,8192,492,16,0.23076923191547394,-0.09166820289683528,-0.9207882881164551,0.06377822,0.004997592674408224,-2.2529725566506387,0.0003,0.476220703125,-0.14183172583580017,0.2,30
5,681.3333333333334,10240,598,17,0.2666666805744171,-0.11122498273907695,-16.870811462402344,0.084473036,0.002420662124859518,-2.2303484335541723,0.0003,0.5611328125,-0.1488819718360901,0.2,40
6,622.2777777777778,12288,717,17,0.2777777910232544,-0.09592785704298876,-0.5631546974182129,0.09127286,0.003906564467615681,-2.1998685888946055,0.0003,0.563916015625,-0.13800017535686493,0.2,50
7,622.2777777777778,14336,780,18,0.2777777910232544,-0.0997437512021861,-0.5327327251434326,0.1061034,0.0034953882510308175,-2.1868435971438887,0.0003,0.59521484375,-0.1451738327741623,0.2,60
8,788.8,16384,863,18,0.30000001192092896,-0.11217316151596606,-13.637093544006348,0.11635239,0.0015183528978013783,-2.168601252883673,0.0003,0.597314453125,-0.1524856984615326,0.2,70
9,757.2083333333334,18432,986,18,0.4166666567325592,-0.07707914538477781,-0.1864924430847168,0.10608248,0.004972768872175948,-2.1430922351777553,0.0003,0.5640625,-0.13287492096424103,0.2,80
10,714.3928571428571,20480,1104,18,0.4642857015132904,-0.08666188949573553,-0.21229219436645508,0.13311869,0.008037043167860247,-2.1197264201939108,0.0003,0.604150390625,-0.09150870144367218,0.2,90
11,694.21875,22528,1217,18,0.53125,-0.08735319543920923,-0.24939942359924316,0.14248918,0.010053945121762808,-2.0991005279123782,0.0003,0.610107421875,-0.11318615823984146,0.2,100
12,671.9722222222222,24576,1329,18,0.5833333134651184,-0.09151141891925363,-0.28647756576538086,0.1713644,0.009884255766155547,-2.035743289813399,0.0003,0.63330078125,-0.12803161144256592,0.2,110
13,667.8205128205128,26624,1422,18,0.6153846383094788,-0.09369953345012619,-0.1706218719482422,0.16651338,0.009198670134355779,-2.0220328364521265,0.0003,0.63310546875,-0.12275199592113495,0.2,120
14,665.4761904761905,28672,1518,18,0.6428571343421936,-0.09488542690814938,-0.0825570821762085,0.17686889,0.00737789410231926,-1.963239248096943,0.0003,0.648583984375,-0.11604659259319305,0.2,130
15,664.5434782608696,30720,1628,18,0.6739130616188049,-0.09218638178717811,-0.2624419927597046,0.1629715,0.008250026836321922,-1.9988336812704801,0.0003,0.63837890625,-0.13124705851078033,0.2,140
16,658.2244897959183,32768,1727,18,0.6734693646430969,-0.09158411949174479,-0.199601411819458,0.1765097,0.008183051538799191,-1.9752827230840921,0.0003,0.647509765625,-0.12778660655021667,0.2,150
17,655.38,34816,1793,19,0.6600000262260437,-0.09411365022242535,-0.372336745262146,0.1868837,0.006284882824911619,-1.9342962488532067,0.0003,0.66123046875,-0.1412631720304489,0.2,160
18,718.8627450980392,36864,1863,19,0.6470588445663452,-0.09890122764045373,-6.455066204071045,0.16096038,0.0014026242618456308,-1.992428184300661,0.0003,0.57919921875,-0.1295328140258789,0.2,170
19,714.0,38912,1960,19,0.6666666865348816,-0.054650965257314964,-1.1539669036865234,0.07238935,0.00041470745277365494,-2.1125302631407976,0.0003,0.3849609375,-0.07328582555055618,0.2,180
20,712.1754385964912,40960,2054,19,0.6842105388641357,-0.07886607645195909,-0.048099517822265625,0.20377645,0.007976886007600114,-1.8530883476138116,0.0003,0.664013671875,-0.09394374489784241,0.2,190
21,703.016393442623,43008,2171,19,0.7049180269241333,-0.08503102403483354,-0.12012910842895508,0.20790571,0.008841816839412786,-1.8584219072014094,0.0003,0.65908203125,-0.10346122086048126,0.2,200
22,690.4307692307692,45056,2288,19,0.7230769395828247,-0.08998863085580525,-0.1636052131652832,0.21447496,0.006663352679242962,-1.8560898121446372,0.0003,0.661376953125,-0.10393204540014267,0.2,210
23,681.6716417910447,47104,2407,19,0.7014925479888916,-0.08524409791280049,-0.04980659484863281,0.23499745,0.009824116891832092,-1.7647824116051196,0.0003,0.66435546875,-0.12428729981184006,0.2,220
24,681.6716417910447,49152,2470,19,0.7014925479888916,-0.11239586341689574,-5.184756278991699,0.28096092,0.0024116024613249467,-1.7368747178465127,0.0003,0.687109375,-0.13568320870399475,0.2,230
25,725.1142857142858,51200,2592,19,0.6714285612106323,-0.11299881694430951,-7.975107192993164,0.26802295,0.001043023662896303,-1.693935477361083,0.0003,0.689892578125,-0.15721102058887482,0.2,240
26,719.6438356164383,53248,2701,19,0.6849315166473389,-0.08119483662740094,-0.20347058773040771,0.23750639,0.0035638746916447418,-1.7125919073820115,0.0003,0.672509765625,-0.07976912707090378,0.2,250
27,719.6438356164383,55296,2763,20,0.6849315166473389,-0.07148787521582563,-0.1526503562927246,0.20245238,0.00656535682901449,-1.7140315983444452,0.0003,0.653955078125,-0.10318196564912796,0.2,260
28,763.972972972973,57344,2848,20,0.6756756901741028,-0.11230976588558406,-18.0802001953125,0.25441694,0.0009667543113209831,-1.729910385608673,0.0003,0.672705078125,-0.1317151039838791,0.2,270
29,763.972972972973,59392,2902,20,0.6756756901741028,-0.11414070125902072,-23.168052673339844,0.31011325,0.0004298660328004189,-1.6587994564324617,0.0003,0.687890625,-0.1575334370136261,0.2,280
30,802.6184210526316,61440,2997,20,0.6578947305679321,-0.11224435427575372,-31.409732818603516,0.28346714,0.00026472576330434096,-1.6115423418581485,0.0003,0.692333984375,-0.1156545877456665,0.2,290
31,802.6184210526316,63488,3054,20,0.6578947305679321,-0.10971069052466191,-15.351348876953125,0.29128897,0.00018021774343424113,-1.6254779756069184,0.0003,0.686474609375,-0.14871655404567719,0.2,300
32,838.9487179487179,65536,3157,20,0.6410256624221802,-0.10570087305095513,-23.650110244750977,0.31736302,8.770858478328592e-05,-1.5379179462790489,0.0003,0.679248046875,-0.13911226391792297,0.2,310
33,822.560975609756,67584,3273,20,0.6341463327407837,-0.10191709046193864,-11.18570327758789,0.33653712,5.7016975722490316e-05,-1.5273066099733115,0.0003,0.673095703125,-0.14266711473464966,0.2,320
34,814.5180722891566,69632,3348,20,0.6265060305595398,-0.04609889661660418,-0.0054759979248046875,0.20171453,0.006328185634720285,-1.5553036965429783,0.0003,0.68603515625,-0.07460304349660873,0.2,330
35,852.4404761904761,71680,3429,20,0.6190476417541504,-0.11110824085917556,-15.025350570678711,0.32854903,0.0011487891923934513,-1.5305203545838595,0.0003,0.68154296875,-0.14767038822174072,0.2,340
36,825.1460674157304,73728,3574,20,0.5955055952072144,-0.11067017478635535,-13.603235244750977,0.32174683,0.00031636614771741735,-1.5112132344394922,0.0003,0.676123046875,-0.14077001810073853,0.2,350
37,809.1827956989247,75776,3701,20,0.5806451439857483,-0.06306120681110769,-0.050365328788757324,0.23364273,0.003104537473564051,-1.6652609288692475,0.0003,0.656787109375,-0.05315804108977318,0.2,360
38,809.1827956989247,77824,3764,20,0.5806451439857483,-0.08170303126971704,-0.30867207050323486,0.26439714,0.0036498779864814423,-1.6906094539910554,0.0003,0.66259765625,-0.11296065151691437,0.2,370
39,839.7473684210527,79872,3862,20,0.5789473652839661,-0.1157960351993097,-17.003406524658203,0.31129387,0.000578783716309772,-1.6190843410789966,0.0003,0.695166015625,-0.14670856297016144,0.2,380
40,818.26,81920,4011,20,0.5600000023841858,-0.06880153685779078,-0.03973090648651123,0.2653606,0.0028417347652066383,-1.6305195476859808,0.0003,0.66220703125,-0.12097185850143433,0.2,390
41,816.86,83968,4096,20,0.5699999928474426,-0.08425648063857807,-0.16341948509216309,0.30399922,0.0032217558398770054,-1.691374922171235,0.0003,0.667041015625,-0.07951612770557404,0.2,400
42,816.86,86016,4152,20,0.5699999928474426,-0.0733439628558699,0.12235969305038452,0.22894648,0.0027272489984170533,-1.7670110795646905,0.0003,0.5953125,-0.07476194202899933,0.2,410
43,851.03,88064,4298,20,0.6000000238418579,-0.10178887203510385,-3.954400062561035,0.2955977,0.00061304527662287,-1.6219205945730208,0.0003,0.639208984375,-0.1321629136800766,0.2,420
44,849.91,90112,4412,20,0.5899999737739563,-0.07050447881410946,-0.008951187133789062,0.27872992,0.011044132828101284,-1.6469249315559864,0.0003,0.68857421875,-0.07826408743858337,0.2,430
45,849.91,92160,4470,20,0.5899999737739563,-0.11367701835697516,-10.16353702545166,0.32535055,0.0011492314522911328,-1.693709921091795,0.0003,0.693310546875,-0.13643351197242737,0.2,440
46,887.34,94208,4556,20,0.5899999737739563,-0.10230811949004419,-13.960357666015625,0.2499463,0.0003082751179135812,-1.6831149246543646,0.0003,0.619970703125,-0.13884666562080383,0.2,450
47,857.56,96256,4690,20,0.6299999952316284,-0.054289277891803066,0.002494215965270996,0.21880698,0.00514895428877935,-1.7683761067688466,0.0003,0.6095703125,-0.05411709100008011,0.2,460
48,855.71,98304,4759,20,0.6299999952316284,-0.07700673417421058,-0.1750657558441162,0.27458686,0.009888096130816848,-1.6827343635261058,0.0003,0.67421875,-0.08645903319120407,0.2,470
49,890.56,100352,4829,20,0.6200000047683716,-0.11505064547527581,-8.554656028747559,0.3515784,0.001670914189071482,-1.634003047272563,0.0003,0.711328125,-0.1324974000453949,0.2,480
50,890.56,102400,4900,20,0.6200000047683716,-0.11202491136500611,-12.732735633850098,0.3402514,0.0005304027897182096,-1.5910151470452547,0.0003,0.698779296875,-0.1600462794303894,0.2,490
51,890.56,104448,4976,20,0.6200000047683716,-0.11330581602524034,-10.396812438964844,0.42031783,0.00025718255221818254,-1.5227851942181587,0.0003,0.714013671875,-0.14181602001190186,0.2,500
52,891.04,106496,5042,21,0.6200000047683716,-0.09327410612022505,-0.9482576847076416,0.21617526,5.589117783415532e-05,-1.8056957807391882,0.0003,0.5748046875,-0.14337030053138733,0.2,510
53,891.04,108544,5116,21,0.6200000047683716,-0.05185092194878962,-0.00814807415008545,0.31130177,0.002595079303409875,-1.5188339978456498,0.0003,0.66494140625,-0.10534057766199112,0.2,520
54,924.95,110592,5200,21,0.6100000143051147,-0.10509560712816893,-7.104058265686035,0.42285797,0.0006219173231784225,-1.4890710964798928,0.0003,0.698388671875,-0.13971644639968872,0.2,530
55,924.95,112640,5253,21,0.6100000143051147,-0.09696004765864927,-1.9232544898986816,0.28747147,9.615260047439733e-05,-1.6481840346008538,0.0003,0.618994140625,-0.13446785509586334,0.2,540
56,960.24,114688,5330,21,0.6000000238418579,-0.10170187040203019,-1.060779333114624,0.30667624,3.6621727144847685e-05,-1.5633365284651517,0.0003,0.605419921875,-0.13216817378997803,0.2,550
57,960.24,116736,5382,21,0.6000000238418579,-0.10505894734233152,-8.81832218170166,0.45494345,3.4053210106321786e-05,-1.4291602931916714,0.0003,0.694921875,-0.13680057227611542,0.2,560
58,992.71,118784,5461,21,0.5799999833106995,-0.09719325018231757,-25.284408569335938,0.39840508,1.1741861176517431e-05,-1.3574329156428575,0.0003,0.63408203125,-0.12347583472728729,0.2,570
59,992.71,120832,5520,21,0.5799999833106995,-0.09258085326873697,-3.6969470977783203,0.44241035,8.359390742995742e-06,-1.339790903031826,0.0003,0.66923828125,-0.13157804310321808,0.2,580
60,1030.84,122880,5612,21,0.5699999928474426,-0.0919827335877926,-39.45045471191406,0.4217429,8.908648736039027e-06,-1.3444507304579019,0.0003,0.673583984375,-0.14190806448459625,0.2,590
61,1030.84,124928,5674,22,0.5699999928474426,-0.08818674050853588,-5.0987114906311035,0.4509225,1.12163630273443e-05,-1.316617701947689,0.0003,0.662841796875,-0.1270587146282196,0.2,600
62,1067.4,126976,5767,22,0.550000011920929,-0.08958492298552301,-26.4968204498291,0.48843992,0.00010909687047799821,-1.1594056449830532,0.0003,0.660205078125,-0.1282210648059845,0.2,610
63,1066.03,129024,5888,21,0.5199999809265137,-0.09495422804029659,-8.252497673034668,0.48517787,5.854513107195203e-06,-1.2353208381682634,0.0003,0.654345703125,-0.11721386760473251,0.2,620
64,1065.74,131072,6009,21,0.49000000953674316,-0.03534199587302282,-0.005980491638183594,0.2636273,0.0027312747760447563,-1.4141715258359908,0.0003,0.681787109375,-0.032635413110256195,0.2,630
65,1064.45,133120,6089,21,0.47999998927116394,-0.08656617970700609,-0.22644174098968506,0.3417981,0.003925835926384025,-1.557966049015522,0.0003,0.667333984375,-0.12436886131763458,0.2,640
66,1089.66,135168,6174,21,0.4699999988079071,-0.11579272615854279,-14.059576034545898,0.36187205,0.0006476534533248924,-1.5432954426854848,0.0003,0.705810546875,-0.14863193035125732,0.2,650
67,1089.66,137216,6244,21,0.4699999988079071,-0.108645014736976,-8.356622695922852,0.39290184,0.00017007548137826234,-1.5139500692486763,0.0003,0.681298828125,-0.12282277643680573,0.2,660
68,1124.96,139264,6334,21,0.44999998807907104,-0.11035820012621116,-13.117897033691406,0.42578232,5.0777895884834835e-05,-1.3778238642960787,0.0003,0.69169921875,-0.14873461425304413,0.2,670
69,1119.37,141312,6450,21,0.4099999964237213,-0.10430381538317306,-7.251943588256836,0.38952446,1.7169589391130557e-05,-1.341542062908411,0.0003,0.670947265625,-0.12904702126979828,0.2,680
70,1119.37,143360,6500,22,0.4099999964237213,-0.09164555477909744,-2.092935085296631,0.41823673,1.3316430074894469e-05,-1.2675821661949158,0.0003,0.655859375,-0.139542818069458,0.2,690
71,1153.21,145408,6563,22,0.4000000059604645,-0.09587090885615908,-15.717767715454102,0.4477204,9.381303190281187e-06,-1.2050713511183857,0.0003,0.65703125,-0.139873206615448,0.2,700
72,1146.55,147456,6689,22,0.3700000047683716,-0.08161912606447004,-12.95794677734375,0.42311805,9.277479852798365e-06,-1.1472493350505828,0.0003,0.625439453125,-0.12374935299158096,0.2,710
73,1106.7,149504,6799,21,0.3400000035762787,-0.07894115025701468,-1.431408405303955,0.4262895,1.6303814835794127e-05,-1.0658826515078546,0.0003,0.610888671875,-0.12357071787118912,0.2,720
74,1100.9,151552,6877,22,0.3199999928474426,-0.09396518089051824,-2.2680370807647705,0.49037609,0.00010320219204231761,-1.0527259381487966,0.0003,0.634912109375,-0.13347794115543365,0.2,730
75,1100.9,153600,6923,22,0.3199999928474426,-0.08949645730317571,-9.127119064331055,0.47673753,4.501529324727471e-05,-1.0779408482834696,0.0003,0.63359375,-0.12076151371002197,0.2,740
76,1134.41,155648,7021,22,0.28999999165534973,-0.0898005246912362,-11.748348236083984,0.43839335,1.1351425893124656e-05,-1.0315690621733666,0.0003,0.619970703125,-0.11502479016780853,0.2,750
77,1133.92,157696,7083,22,0.2800000011920929,-0.07704398088390008,-1.0357491970062256,0.42488432,3.025560704585928e-05,-0.9289072263985872,0.0003,0.59189453125,-0.10916011780500412,0.2,760
78,1167.65,159744,7146,22,0.27000001072883606,-0.08152522139716893,-1.2257804870605469,0.49173805,5.639450877303886e-06,-0.7215757964178919,0.0003,0.483349609375,-0.09888080507516861,0.2,770
79,1167.89,161792,7224,22,0.25,-0.09129464376019314,0.2289193868637085,1.0108985,7.158077160447362e-05,-0.7428206574171782,0.0003,0.59423828125,-0.13617487251758575,0.2,780
80,1167.89,163840,7270,22,0.25,-0.0788168086175574,-1.129636287689209,0.53414214,1.306474861699769e-05,-0.8215884190052748,0.0003,0.550341796875,-0.10588329285383224,0.2,790
81,1205.2,165888,7363,22,0.23000000417232513,-0.08322141223325161,-0.33619844913482666,0.49638805,1.4551145457275538e-05,-0.7442848194390536,0.0003,0.53056640625,-0.12715277075767517,0.2,800
82,1165.77,167936,7457,22,0.23000000417232513,-0.07506517261790577,-4.9751434326171875,0.48638618,9.37965421723419e-05,-0.6807972686365247,0.0003,0.466259765625,-0.11247529089450836,0.2,810
83,1165.77,169984,7502,22,0.23000000417232513,-0.07690965819638222,-2.4163742065429688,0.7936985,1.6581363473733292e-05,-0.7181459775194525,0.0003,0.5259765625,-0.11131223291158676,0.2,820
84,1199.53,172032,7596,22,0.20999999344348907,-0.07937109264894389,-4.5519561767578125,0.7793375,5.791071834160278e-06,-0.7398317389190197,0.0003,0.589404296875,-0.13342340290546417,0.2,830
85,1130.91,174080,7689,22,0.20000000298023224,-0.07512255308392923,-3.3701095581054688,0.75789523,1.758053735665399e-05,-0.7518748342990875,0.0003,0.543798828125,-0.09333173930644989,0.2,840
86,1130.82,176128,7751,22,0.20000000298023224,-0.08069073063961696,-10.600122451782227,0.59769523,8.10754932558666e-06,-0.8222842324525118,0.0003,0.59384765625,-0.1399821788072586,0.2,850
87,1130.82,178176,7813,22,0.20000000298023224,-0.06012355498969555,-2.7383105754852295,0.6122293,0.0004578499929969837,-0.5264014151878655,0.0003,0.415869140625,-0.06107872724533081,0.2,860
88,1129.32,180224,7875,22,0.20000000298023224,-0.07468410558940378,-2.5691888332366943,0.6912807,3.1123120193043973e-06,-0.656036710459739,0.0003,0.535400390625,-0.08079902082681656,0.2,870
89,1129.32,182272,7920,23,0.20000000298023224,-0.0799384762038244,-10.679988861083984,0.6259938,2.205449934233883e-06,-0.7999197201803326,0.0003,0.575927734375,-0.12323560565710068,0.2,880
90,1164.1,184320,7998,23,0.1899999976158142,-0.06780870416550897,-16.388538360595703,0.6066407,5.840757310693334e-06,-0.798262957111001,0.0003,0.561279296875,-0.04286574944853783,0.2,890
91,1164.1,186368,8044,23,0.1899999976158142,-0.08651293878792785,-9.1241455078125,0.5936879,6.702354300713864e-06,-0.8441306389868259,0.0003,0.609326171875,-0.10063417255878448,0.2,900
92,1200.15,188416,8140,23,0.18000000715255737,-0.06105722767242696,0.6084524989128113,0.62637866,5.019473051000034e-05,-0.6133542312309146,0.0003,0.52412109375,-0.09783409535884857,0.2,910
93,1200.15,190464,8185,23,0.18000000715255737,-0.07536770096048713,-1.3435933589935303,0.53686595,3.938600268860171e-06,-0.8034772913902998,0.0003,0.546533203125,-0.11330554634332657,0.2,920
94,1203.7,192512,8263,23,0.18000000715255737,-0.07431003213423537,-11.324960708618164,0.62901604,1.5321880451057979e-06,-0.5840099266730249,0.0003,0.4453125,-0.13379979133605957,0.2,930
95,1205.05,194560,8361,23,0.17000000178813934,-0.08181465585366823,-5.7362775802612305,0.58512574,6.217071860969981e-06,-0.7050897218286991,0.0003,0.5126953125,-0.11091191321611404,0.2,940
96,1217.33,196608,8443,23,0.17000000178813934,-0.0558415738370968,-3.2640833854675293,0.39992964,0.00010438157522827396,-0.42488605296239257,0.0003,0.333349609375,-0.09064523875713348,0.2,950
97,1217.33,198656,8488,23,0.17000000178813934,-0.06257455666855094,-4.378358364105225,0.5130315,6.109375384788507e-06,-0.5588191003538668,0.0003,0.41953125,-0.09617211669683456,0.2,960
98,1252.68,200704,8554,23,0.17000000178813934,-4.244556293997448e-05,0.0,0.008064787,1.752099268812689e-05,-0.0006888749479003308,0.0003,0.002392578125,5.439696906250902e-07,0.2,970
99,1272.67,202752,8617,23,0.17000000178813934,0.015411679819226264,0.6146433353424072,0.37891263,1.2893752631470966e-06,-0.44547527059912684,0.0003,0.436376953125,-0.0591045543551445,0.2,980
100,1278.65,204800,8679,23,0.1599999964237213,-0.060141529404791075,-9.53984546661377,0.43161914,1.1828058322205237e-05,-0.6971744205802679,0.0003,0.465380859375,-0.05636025220155716,0.2,990
101,1278.65,206848,8724,23,0.1599999964237213,-0.08850505046721083,-17.05109214782715,0.46754944,2.0768628417933143e-06,-1.0140151392668486,0.0003,0.609130859375,-0.12395483255386353,0.2,1000
102,1284.4,208896,8834,23,0.15000000596046448,-0.06367712986830157,-2.701752185821533,0.29618362,4.319839483684085e-05,-0.49865317000076176,0.0003,0.3365234375,-0.0889614000916481,0.2,1010
103,1282.32,210944,8895,23,0.15000000596046448,-0.08305778721405659,-6.663918495178223,0.38734537,2.3086288524432065e-06,-0.9456428632140159,0.0003,0.55322265625,-0.10238120704889297,0.2,1020
104,1282.32,212992,8941,23,0.15000000596046448,-0.08232882175507257,-10.072157859802246,0.5070673,3.246805292356214e-06,-1.059128450229764,0.0003,0.613037109375,-0.11482850462198257,0.2,1030
105,1283.87,215040,9069,23,0.11999999731779099,-0.07515438562113559,-7.4239301681518555,0.69438004,7.635460437871445e-06,-0.5633874364197254,0.0003,0.418359375,-0.0964517593383789,0.2,1040
106,1286.94,217088,9183,23,0.09000000357627869,-0.08243295213032979,-5.380972862243652,0.5278238,1.1790527018273878e-06,-0.8714226199313998,0.0003,0.55224609375,-0.11699697375297546,0.2,1050
107,1249.78,219136,9292,23,0.07999999821186066,-0.08228677106671967,-17.077795028686523,0.41914517,1.1654583826548049e-05,-0.961576084792614,0.0003,0.57822265625,-0.0908191129565239,0.2,1060
108,1249.78,221184,9338,23,0.07999999821186066,-0.09598505270841998,-18.507322311401367,0.45356083,2.656385018795504e-06,-1.0765096263960003,0.0003,0.62392578125,-0.11630461364984512,0.2,1070
109,1284.51,223232,9421,23,0.05999999865889549,-0.07944940156594385,-1.6401324272155762,0.69826996,5.238620622041168e-05,-0.7263027576729655,0.0003,0.540966796875,-0.11062692850828171,0.2,1080
110,1249.61,225280,9551,23,0.029999999329447746,-0.08613438105385285,-17.68929672241211,0.6208073,9.850634032027018e-07,-0.9513235483318567,0.0003,0.597802734375,-0.11218058317899704,0.2,1090
111,1181.59,227328,9645,23,0.019999999552965164,-0.09210589805152267,-6.359817981719971,0.4834506,2.13257992416338e-06,-0.997574414499104,0.0003,0.604638671875,-0.10442318767309189,0.2,1100
112,1073.9,229376,9775,23,0.019999999552965164,-0.08059080142556922,-16.81697654724121,0.3959999,1.0618261718065015e-05,-0.9315091598778963,0.0003,0.5615234375,-0.1376217156648636,0.2,1110
113,1036.0,231424,9836,23,0.019999999552965164,-0.08572174540895502,-11.007200241088867,0.504913,1.2008369461646851e-05,-0.9017207525670529,0.0003,0.585693359375,-0.12568731606006622,0.2,1120
114,1036.0,233472,9882,23,0.019999999552965164,-0.09404094938363414,-13.795870780944824,0.45534635,8.538160785498405e-06,-0.8908796574920416,0.0003,0.579931640625,-0.14082013070583344,0.2,1130
115,1065.86,235520,9996,23,0.019999999552965164,-0.09201097183104139,-12.117709159851074,0.5767494,5.52323330502702e-06,-0.8832903493195772,0.0003,0.611669921875,-0.14044766128063202,0.2,1140
116,1065.86,237568,10042,23,0.019999999552965164,-0.0882161227549659,-5.055436134338379,0.58986694,4.785021141096025e-07,-0.8626579482108354,0.0003,0.597314453125,-0.1180952861905098,0.2,1150
117,1098.95,239616,10120,23,0.009999999776482582,-0.06685897206771188,-2.6422150135040283,0.53511655,0.00012615775903790372,-0.4886093962006271,0.0003,0.435888671875,-0.08144106715917587,0.2,1160
118,1097.46,241664,10181,23,0.0,-0.08254320194828324,-9.965251922607422,0.524335,1.449566589517559e-06,-0.7619423238560558,0.0003,0.53583984375,-0.12433257699012756,0.2,1170
119,1132.4,243712,10243,23,0.0,-0.053665322565939276,-8.037884712219238,0.31118512,1.2306896696789859e-06,-0.29742500390857457,0.0003,0.232861328125,-0.056324172765016556,0.2,1180
120,1131.2,245760,10305,23,0.0,-0.025411987911502364,-0.7316126823425293,0.06582849,4.223122336742546e-07,-0.05193070270033786,0.0003,0.035693359375,-0.02492840588092804,0.2,1190
121,1131.2,247808,10351,23,0.0,-0.09331089168263133,-10.54570198059082,0.81231165,2.6152525727241027e-06,-0.9131238099187613,0.0003,0.609033203125,-0.1276993453502655,0.2,1200
122,1139.54,249856,10430,23,0.0,-0.08400399872334674,-14.591240882873535,0.4777624,9.117827954874258e-06,-0.7644157070666552,0.0003,0.536962890625,-0.1154598817229271,0.2,1210
123,1139.54,251904,10499,23,0.0,-0.09005386043572798,-6.882720470428467,0.58456004,6.537677291547083e-05,-0.7618083642795682,0.0003,0.552001953125,-0.11453606933355331,0.2,1220
124,1135.99,253952,10619,23,0.0,-0.0971481841232162,-16.98482322692871,0.6424897,4.995978124533451e-06,-0.918789442628622,0.0003,0.622021484375,-0.14250026643276215,0.2,1230
125,1135.99,256000,10683,23,0.0,-0.08812346777122002,-7.0891618728637695,0.70996773,9.08354016013746e-06,-0.8038066999986768,0.0003,0.56669921875,-0.11662963032722473,0.2,1240
126,1170.91,258048,10754,23,0.0,-0.08230723016895354,-11.94182014465332,0.8854891,7.100681093303862e-05,-0.687299570813775,0.0003,0.522607421875,-0.10438463091850281,0.2,1250
127,1167.93,260096,10821,24,0.0,-0.07894342469371622,-0.300351619720459,0.56283355,7.535739843023137e-07,-0.7062797606922686,0.0003,0.645361328125,-0.10027522593736649,0.2,1260
128,1167.93,262144,10891,24,0.0,-0.08194193240051391,-18.071901321411133,0.6227015,8.258917433723311e-07,-0.7357003856450319,0.0003,0.56875,-0.12527698278427124,0.2,1270
129,1168.32,264192,10955,24,0.0,-0.08423076770632179,-10.172616958618164,0.74380696,5.023206526399982e-07,-0.6950823474675417,0.0003,0.55517578125,-0.11004292964935303,0.2,1280
130,1168.32,266240,11002,24,0.0,-0.054649108910234646,-0.9096155166625977,0.54145396,0.0001985881007038781,-0.28319326378405096,0.0003,0.28857421875,-0.06807735562324524,0.2,1290
131,1203.52,268288,11084,24,0.0,-0.04773066098277923,-6.219547271728516,0.43262628,5.844796927112484e-07,-0.22838984471745788,0.0003,0.222412109375,-0.02980445697903633,0.2,1300
132,1203.52,270336,11130,24,0.0,-0.05093244522722671,-4.926062107086182,0.441764,2.43074684201261e-05,-0.2750510457670316,0.0003,0.26259765625,-0.06929999589920044,0.2,1310
133,1240.07,272384,11241,24,0.0,-0.04065732820017729,0.6712908148765564,0.22856256,1.5902199315076527e-06,-0.2592255864990875,0.0003,0.236181640625,-0.061765048652887344,0.2,1320
134,1200.52,274432,11371,24,0.0,-0.08456142448703759,-0.22045576572418213,0.5808196,3.6016732141153085e-07,-0.7803975317627192,0.0003,0.506884765625,-0.09700936079025269,0.2,1330
135,1198.93,276480,11437,24,0.0,-0.08842369012127164,-8.676165580749512,0.6975945,3.7058585087290654e-07,-0.9976132586598396,0.0003,0.600537109375,-0.1263834834098816,0.2,1340
136,1233.49,278528,11506,24,0.0,-0.09620917363790796,-4.605966567993164,0.6558673,8.956453655950548e-08,-0.9163290530443191,0.0003,0.6193359375,-0.12521807849407196,0.2,1350
137,1194.65,280576,11620,24,0.0,-0.08962472953717224,-12.604775428771973,0.6394373,3.575665201455136e-07,-0.8690598713234067,0.0003,0.571875,-0.13228760659694672,0.2,1360
138,1157.88,282624,11714,24,0.0,-0.09104203027382027,-2.9016759395599365,0.5619838,1.8273904663024255e-06,-0.8663311917334795,0.0003,0.598193359375,-0.1158955916762352,0.2,1370
139,1157.88,284672,11767,24,0.0,-0.08628401870082598,-5.256608486175537,0.616254,0.00010708196438284912,-0.8134640155360102,0.0003,0.588427734375,-0.13142184913158417,0.2,1380
140,1196.44,286720,11848,24,0.0,-0.08980360315617872,-12.113304138183594,0.5889378,3.465023715421012e-06,-0.8117445031180978,0.0003,0.55498046875,-0.11479110270738602,0.2,1390
141,1196.44,288768,11904,24,0.0,-0.08984127260191599,-14.18090534210205,0.7688749,2.6636011826175474e-07,-0.8073295790702104,0.0003,0.565576171875,-0.09850853681564331,0.2,1400
142,1231.97,290816,11969,24,0.0,-0.028957928396994247,-0.934567928314209,1.4740028,2.1540579232259827e-07,-0.6159322918392718,0.0003,0.590576171875,-0.11012248694896698,0.2,1410
143,1231.97,292864,12017,24,0.0,-0.079793986279401,-2.2704083919525146,0.64800197,6.097996963938534e-07,-0.6746376966126263,0.0003,0.522998046875,-0.10049699991941452,0.2,1420
144,1231.66,294912,12098,24,0.0,-0.0735581238521263,-9.059576988220215,0.6003122,1.4339691811127153e-05,-0.6208664309233427,0.0003,0.48564453125,-0.12381895631551743,0.2,1430
145,1231.66,296960,12144,24,0.0,-0.07474841029033996,-6.104903697967529,1.0376343,1.538319228053808e-05,-0.6102028759196401,0.0003,0.505810546875,-0.11867658793926239,0.2,1440
146,1269.08,299008,12222,24,0.0,-0.0551988612904097,-6.4758429527282715,0.42742854,4.312861291566605e-06,-0.41665714657865466,0.0003,0.34697265625,-0.08159319311380386,0.2,1450
147,1269.08,301056,12267,24,0.0,-0.06891268860927084,0.32933539152145386,0.4344365,2.3859130402925645e-06,-0.5207311257719993,0.0003,0.378955078125,-0.10079354047775269,0.2,1460
148,1303.69,303104,12329,24,0.0,-0.03682942394807469,-3.5985569953918457,0.17129308,4.818869981883661e-05,-0.08597733181959484,0.0003,0.08916015625,-0.06946412473917007,0.2,1470
149,1262.03,305152,12422,24,0.0,-0.04841140630887821,-3.521732807159424,0.39537904,4.962761691873485e-08,-0.21726951148593798,0.0003,0.2453125,-0.07058998197317123,0.2,1480
150,1262.03,307200,12469,24,0.0,-0.08582129050046206,-34.718318939208984,0.6929418,9.760789168389294e-06,-0.8796130171045661,0.0003,0.61455078125,-0.13596919178962708,0.2,1490
151,1263.64,309248,12546,24,0.0,-0.07669303377333563,-12.863353729248047,0.585265,4.429966482715209e-05,-0.48798953024670483,0.0003,0.404736328125,-0.09751950949430466,0.2,1500
152,1233.49,311296,12663,24,0.0,-0.0631451116205426,-0.6044406890869141,0.5434961,1.933225479322509e-06,-0.3852836220059544,0.0003,0.325537109375,-0.08218324184417725,0.2,1510
153,1233.49,313344,12709,24,0.0,-0.075908807842643,-13.607128143310547,0.6756717,3.4589839270626754e-07,-0.7161553286015987,0.0003,0.549072265625,-0.11788594722747803,0.2,1520
154,1233.49,315392,12771,24,0.0,-0.0705484722100664,-2.777986764907837,0.5302561,1.7485933482358496e-05,-0.5183050634339452,0.0003,0.433544921875,-0.12050947546958923,0.2,1530
155,1236.19,317440,12880,24,0.0,-0.05754243711562594,-10.97387409210205,0.43446386,1.2959491436870253e-06,-0.3482955380342901,0.0003,0.30478515625,-0.10543569922447205,0.2,1540
156,1192.75,319488,12977,24,0.0,-0.07620913065038622,-8.369219779968262,0.4649523,6.245161961793144e-07,-0.63111373744905,0.0003,0.473388671875,-0.11432278901338577,0.2,1550
157,1192.75,321536,13022,24,0.0,-0.0789971475925995,-8.65903091430664,0.534035,1.2074195583611225e-05,-0.7227373016998172,0.0003,0.518994140625,-0.09358485788106918,0.2,1560
158,1201.25,323584,13100,24,0.0,-0.0541186672882759,-2.740948438644409,0.2551323,2.6841921997844408e-05,-0.21108091375790536,0.0003,0.188232421875,-0.06664316356182098,0.2,1570
159,1164.66,325632,13162,24,0.0,-0.03262923540023621,0.426003634929657,0.30276877,5.710649947365809e-07,-0.15063706318615006,0.0003,0.144921875,-0.05675187706947327,0.2,1580
160,1198.78,327680,13230,24,0.0,-0.07022971016558585,-5.595941543579102,0.5606111,2.2321930107871425e-06,-0.48481577606871723,0.0003,0.408544921875,-0.10772749036550522,0.2,1590
161,1194.22,329728,13308,24,0.0,-0.0676155090026441,-2.572936534881592,0.42883223,1.0463747711586536e-05,-0.40330966780893507,0.0003,0.376123046875,-0.10026083141565323,0.2,1600
162,1194.22,331776,13353,24,0.0,-0.07395016407535877,-1.097083330154419,0.7424047,0.0001241045165274457,-0.5063044776208698,0.0003,0.516162109375,-0.07851079106330872,0.2,1610
163,1231.74,333824,13415,24,0.0,0.016769689740613103,0.005324184894561768,0.4302858,3.8269022131665055e-06,-0.15934278359636664,0.0003,0.194287109375,-0.0787539854645729,0.2,1620
164,1231.74,335872,13460,24,0.0,-0.0591878423205344,-2.08111310005188,0.48135498,2.2843111350034916e-06,-0.4115525253582746,0.0003,0.353515625,-0.08814361691474915,0.2,1630
165,1233.22,337920,13570,24,0.0,-0.027474884205366833,-10.924605369567871,0.09697625,5.083505114751585e-07,-0.05205794214853086,0.0003,0.0548828125,-0.042941708117723465,0.2,1640
166,1233.48,339968,13663,24,0.0,-0.08323864748235792,-4.43674898147583,0.61391115,1.257274443133838e-06,-0.6707430936396122,0.0003,0.51669921875,-0.12776288390159607,0.2,1650
167,1233.48,342016,13709,24,0.0,-0.07458235586163937,-3.745698928833008,0.59934294,3.552559695751967e-07,-0.66851637205109,0.0003,0.5279296875,-0.05431641265749931,0.2,1660
168,1268.7,344064,13770,24,0.0,-0.07565656181395752,-24.17294692993164,0.7036992,1.1538952431888739e-07,-0.6270696157589555,0.0003,0.501953125,-0.10950832068920135,0.2,1670
169,1268.7,346112,13816,25,0.0,-0.06933589839027263,-3.69938325881958,0.54230964,6.228093424875958e-07,-0.49950510282069444,0.0003,0.43154296875,-0.13128474354743958,0.2,1680
170,1306.26,348160,13909,25,0.0,-0.023979762436647435,-3.013305187225342,0.16439472,0.000252508320896061,-0.11052698249695822,0.0003,0.096142578125,-0.03480037674307823,0.2,1690
171,1268.86,350208,14024,24,0.0,-0.05032068874279503,-2.518080472946167,0.24579862,1.7132824124033164e-05,-0.27729370356537403,0.0003,0.221240234375,-0.05280344933271408,0.2,1700
172,1268.86,352256,14069,25,0.0,-0.06716131688590395,-6.641397953033447,0.42178935,4.905369982655116e-07,-0.6595610577613116,0.0003,0.463037109375,-0.09359996020793915,0.2,1710
173,1306.61,354304,14131,25,0.0,-0.06872652528400067,-17.02991485595703,0.43739885,2.371493832864502e-07,-0.6811064030975104,0.0003,0.479443359375,-0.1113770455121994,0.2,1720
174,1302.1,356352,14257,24,0.0,-0.0667841831833357,-4.655629634857178,0.35824403,2.7322718272326795e-07,-0.4750219221226871,0.0003,0.382568359375,-0.10679761320352554,0.2,1730
175,1303.36,358400,14366,24,0.0,-0.07830500114359892,-8.338565826416016,0.5093466,5.502477684382612e-07,-0.666652272734791,0.0003,0.464892578125,-0.08920913934707642,0.2,1740
176,1304.11,360448,14444,24,0.0,-0.07139985148387495,-30.03548240661621,0.53155637,1.7983144459776668e-05,-0.7820021018385888,0.0003,0.522705078125,-0.07211117446422577,0.2,1750
177,1304.11,362496,14490,25,0.0,-0.08603336647065589,-16.94533348083496,0.5789182,1.8037105750501326e-05,-0.7390078762546182,0.0003,0.527783203125,-0.11522252857685089,0.2,1760
178,1345.75,364544,14568,25,0.0,-0.07075111258891412,-6.783690452575684,0.41539353,4.3535920500659134e-06,-0.4742823877371848,0.0003,0.36923828125,-0.09796588867902756,0.2,1770
179,1313.63,366592,14678,24,0.0,-0.07163268268341198,-9.198333740234375,0.5335517,1.0815736649494312e-05,-0.6090378732420504,0.0003,0.464794921875,-0.11120978742837906,0.2,1780
180,1291.42,368640,14740,25,0.0,-0.06944281194882933,-6.575978755950928,0.59689784,1.630935729863836e-05,-0.614130634162575,0.0003,0.4728515625,-0.10920888185501099,0.2,1790
181,1294.04,370688,14801,25,0.0,-0.04924828721123049,-1.6081044673919678,0.4768655,3.376226961187001e-05,-0.36043468038551507,0.0003,0.374951171875,-0.10376112163066864,0.2,1800
182,1330.95,372736,14864,25,0.0,-0.0822859629173763,-12.314536094665527,0.6601281,3.9878601366893914e-06,-0.7396535338833928,0.0003,0.562451171875,-0.09928946197032928,0.2,1810
183,1294.72,374784,14925,25,0.0,-0.07335129740240517,-6.3929901123046875,0.597842,9.18706055408336e-07,-0.585500993207097,0.0003,0.4369140625,-0.05670852214097977,0.2,1820
184,1311.36,376832,14987,25,0.0,-0.04912598849332426,-3.3491177558898926,0.52278775,5.8156587954716345e-06,-0.39383617509156466,0.0003,0.3544921875,-0.08546005189418793,0.2,1830
185,1259.4,378880,15107,25,0.0,0.006037239513534587,0.2138655185699463,0.89646137,4.602780500868979e-05,-0.04444821809156565,0.0003,0.069140625,-0.044880639761686325,0.2,1840
186,1185.3,380928,15238,24,0.0,-0.08603391618817113,-8.138230323791504,0.6044754,1.4831990948316332e-06,-0.7596886925399303,0.0003,0.583837890625,-0.11474253982305527,0.2,1850
187,1150.28,382976,15342,24,0.0,-0.08378458739898634,-24.30449867248535,0.6672114,1.4418541128868866e-05,-0.8295577654615045,0.0003,0.58408203125,-0.11397642642259598,0.2,1860
188,1150.28,385024,15401,24,0.0,-0.08578063790046145,-22.62318992614746,0.6228227,2.217899152388014e-05,-0.8034999959170819,0.0003,0.592626953125,-0.13066470623016357,0.2,1870
189,1149.98,387072,15484,24,0.0,-0.08221411708072993,-16.834688186645508,0.74854255,1.760978375608957e-06,-0.6951535551808774,0.0003,0.54755859375,-0.11760776489973068,0.2,1880
190,1149.98,389120,15532,25,0.0,-0.0799791264871601,-13.745196342468262,0.7425519,2.7768760552104865e-07,-0.7407684955745936,0.0003,0.5583984375,-0.11322881281375885,0.2,1890
191,1184.91,391168,15600,25,0.0,-0.07638653076137417,-43.235992431640625,0.850289,2.6411666230741205e-07,-0.6783581277355551,0.0003,0.55458984375,-0.0890205129981041,0.2,1900
192,1184.91,393216,15647,25,0.0,-0.08311602413014044,-26.812135696411133,0.71467125,7.241079412512175e-06,-0.6838790472596884,0.0003,0.54140625,-0.126699760556221,0.2,1910
193,1223.16,395264,15744,25,0.0,-0.07683801023231354,-4.34938907623291,0.6333096,3.744174191844252e-06,-0.6000190201215446,0.0003,0.497412109375,-0.11634702235460281,0.2,1920
194,1223.7,397312,15870,25,0.0,-0.06844275166367879,-4.895859241485596,0.51555705,5.267078300619232e-05,-0.40130752311088147,0.0003,0.3369140625,-0.07109201699495316,0.2,1930
195,1191.11,399360,15969,25,0.0,-0.08199230024620192,-32.09815216064453,0.79451084,0.00011448207113566866,-0.7446580715477467,0.0003,0.571728515625,-0.11269986629486084,0.2,1940
196,1191.11,401408,16026,25,0.0,-0.08981253808015026,-43.93893814086914,0.76532876,3.484916955898143e-06,-0.811598489806056,0.0003,0.597802734375,-0.11229008436203003,0.2,1950
197,1227.34,403456,16123,25,0.0,-0.0858597697748337,-30.385732650756836,0.833035,4.77518822705747e-07,-0.7023471362888813,0.0003,0.556103515625,-0.09667861461639404,0.2,1960
198,1226.38,405504,16189,25,0.0,-0.08441227591538336,-21.929828643798828,0.76377255,7.747678714975504e-08,-0.7299853753298521,0.0003,0.564111328125,-0.13373781740665436,0.2,1970
199,1226.38,407552,16259,25,0.0,-0.06638115634850691,-36.769046783447266,0.78644675,2.019667201716424e-06,-0.6481323466636241,0.0003,0.518310546875,-0.09679599851369858,0.2,1980
200,1261.24,409600,16323,25,0.0,-0.0877151631633751,-18.48024559020996,0.9679949,2.146195268792894e-06,-0.7800184931606055,0.0003,0.58466796875,-0.11986803263425827,0.2,1990
201,1261.24,411648,16372,25,0.0,-0.06112318918458186,-4.419740676879883,3.4096413,0.0002978805400148055,-0.3570363995619118,0.0003,0.613720703125,-0.07056296616792679,0.2,2000
202,1191.86,413696,16487,25,0.0,-0.06977553490723949,-2.2193617820739746,1.0108441,1.701413613908187e-06,-0.5091586108319461,0.0003,0.468994140625,-0.0988251194357872,0.2,2010
203,1191.86,415744,16551,25,0.0,-0.07460973554552766,-6.004951000213623,1.0216076,4.514026072266475e-07,-0.6498070207424462,0.0003,0.5056640625,-0.09747719764709473,0.2,2020
204,1192.36,417792,16652,25,0.0,-0.0869128629565239,-16.79507064819336,0.7511211,1.021134773682153e-07,-0.7899952244013548,0.0003,0.567822265625,-0.10049673169851303,0.2,2030
205,1190.29,419840,16719,25,0.0,-0.08530564233078622,-5.534358024597168,0.885687,2.258714039804488e-07,-0.7591776434332133,0.0003,0.586328125,-0.11558357626199722,0.2,2040
206,1190.29,421888,16770,25,0.0,-0.08055102585931309,-27.260196685791016,0.90472907,1.1381690523171172e-06,-0.6812716815620661,0.0003,0.5451171875,-0.12162942439317703,0.2,2050
207,1192.99,423936,16849,25,0.0,-0.05537945980177028,-0.7883298397064209,0.8403873,6.817107889722784e-05,-0.21751800475176425,0.0003,0.240087890625,-0.05853201821446419,0.2,2060
208,1192.99,425984,16895,25,0.0,-0.055088710456038824,-3.248793125152588,0.59204125,1.0352975329797064e-05,-0.2368017387809232,0.0003,0.249755859375,-0.07591404765844345,0.2,2070
209,1226.59,428032,16972,25,0.0,-1.6734932069084606e-05,1.1920928955078125e-07,0.0,4.997680776247621e-07,-3.4352371937984574e-05,0.0003,0.0,4.943507974530803e-06,0.2,2080
210,1226.59,430080,17040,25,0.0,-0.07272836845950223,-1.6571755409240723,0.9907263,0.00024097081877036964,-0.42540899459272624,0.0003,0.415869140625,-0.09961248189210892,0.2,2090
211,1226.76,432128,17141,25,0.0,-0.07398676611483097,-4.6371259689331055,0.9457494,4.922532326112616e-06,-0.5654979650862515,0.0003,0.509375,-0.10367089509963989,0.2,2100
212,1226.76,434176,17200,25,0.0,-0.08446416772494558,-29.653499603271484,0.9338117,7.678176578318485e-07,-0.6173173997551202,0.0003,0.5564453125,-0.11779782921075821,0.2,2110
213,1262.26,436224,17273,25,0.0,-0.05979417388443835,-4.956835746765137,0.66495204,4.463532994880559e-08,-0.38938533305190504,0.0003,0.35576171875,-0.09572629630565643,0.2,2120
214,1262.26,438272,17318,25,0.0,-0.06375682327634422,-1.5420477390289307,3.6235085,1.6334688690000654e-07,-0.28835915084928276,0.0003,0.479248046875,-0.08805187046527863,0.2,2130
215,1297.11,440320,17396,25,0.0,1.2252027227077633e-05,5.960464477539063e-08,0.0,1.591631759280737e-09,-0.0002866867730517697,0.0003,0.0,1.8384348550171126e-06,0.2,2140
216,1297.11,442368,17468,25,0.0,-0.06599835580709623,-0.4769880771636963,1.0804695,1.2496147392959677e-07,-0.35175500162877144,0.0003,0.38974609375,-0.09123430401086807,0.2,2150
217,1294.41,444416,17584,25,0.009999999776482582,-0.0788448071689345,-10.882965087890625,0.9479674,6.72500445639268e-07,-0.698900138400495,0.0003,0.569580078125,-0.1325528621673584,0.2,2160
218,1291.51,446464,17686,25,0.03999999910593033,-0.024059865630988497,0.0019981861114501953,1.6135424,0.0028642420892992957,-0.68047110196203,0.0003,0.56396484375,-0.06230662390589714,0.2,2170
219,1293.58,448512,17799,25,0.07999999821186066,-0.0650512266845908,-0.036997199058532715,0.6999132,0.01140857305508689,-1.0279433995485305,0.0003,0.63994140625,-0.08639571815729141,0.2,2180
220,1257.48,450560,17894,25,0.10000000149011612,-0.07327497872756794,-0.034737467765808105,0.58867097,0.01033747636101907,-1.0785917842760682,0.0003,0.619677734375,-0.09164334088563919,0.2,2190
221,1257.48,452608,17965,25,0.10000000149011612,-0.08931794437521604,-0.8158552646636963,0.6632957,0.004781564758741297,-1.116168630309403,0.0003,0.63427734375,-0.11120617389678955,0.2,2200
222,1258.81,454656,18065,25,0.10999999940395355,-0.10534759375441353,-10.329022407531738,0.59866774,0.0014819765993706823,-1.1117585938423873,0.0003,0.66689453125,-0.14448592066764832,0.2,2210
223,1258.81,456704,18143,25,0.10999999940395355,-0.07455161032557953,-0.24077796936035156,0.5578582,0.004001319251801761,-1.0329768545925617,0.0003,0.6166015625,-0.1007857471704483,0.2,2220
224,1263.97,458752,18258,25,0.11999999731779099,-0.10353798226860818,-30.51211166381836,0.80060786,0.0007010945682850434,-1.0043441209942103,0.0003,0.63037109375,-0.14012236893177032,0.2,2230
225,1227.4,460800,18358,25,0.12999999523162842,-0.060986758035141975,-0.059814453125,0.4853133,0.003563185735310981,-1.08380923345685,0.0003,0.617138671875,-0.06156901642680168,0.2,2240
226,1227.4,462848,18429,25,0.12999999523162842,-0.07671943694294896,-0.21738266944885254,0.53579473,0.003786536868028634,-1.064180289953947,0.0003,0.62490234375,-0.04940182343125343,0.2,2250
227,1261.44,464896,18562,25,0.14000000059604645,-0.10781153797870502,-17.876541137695312,0.6528214,0.0004524503372522304,-1.0682497074827553,0.0003,0.6474609375,-0.1306895911693573,0.2,2260
228,1189.55,466944,18685,24,0.14000000059604645,-0.06080938171944581,-0.055867910385131836,0.47579667,0.0033327888876556245,-1.0896879957988859,0.0003,0.617529296875,-0.09684102982282639,0.2,2270
229,1189.33,468992,18803,24,0.14000000059604645,-0.10368855107517447,-17.010892868041992,0.6193939,0.000586623067306391,-1.0916039129719137,0.0003,0.652880859375,-0.1288454681634903,0.2,2280
230,1156.79,471040,18911,24,0.15000000596046448,-0.05572193902626168,-0.05687391757965088,0.45385194,0.0035041700186411616,-1.107228817231953,0.0003,0.605517578125,-0.07584252953529358,0.2,2290
231,1156.79,473088,18985,24,0.15000000596046448,-0.10067632716381922,-21.106151580810547,0.61391664,0.0005328334909563637,-1.0676214838400484,0.0003,0.641943359375,-0.12223945558071136,0.2,2300
232,1191.12,475136,19102,24,0.15000000596046448,-0.10512641660898225,-30.688919067382812,0.6165502,0.00012106245430345552,-1.0680205576121806,0.0003,0.64140625,-0.1234808936715126,0.2,2310
233,1188.44,477184,19236,24,0.15000000596046448,-0.09517258904816117,-15.987403869628906,0.67305624,4.93331012961562e-05,-1.0375728765502572,0.0003,0.63173828125,-0.12024377286434174,0.2,2320
234,1150.41,479232,19338,24,0.15000000596046448,-0.08406117442937103,-7.394369125366211,0.72550094,3.0323835471790516e-05,-0.9303409636020661,0.0003,0.5892578125,-0.12035610526800156,0.2,2330
235,1150.41,481280,19424,24,0.15000000596046448,-0.08579032861453015,-6.340677261352539,0.7430054,1.3850945407511972e-05,-0.8447734436020256,0.0003,0.590185546875,-0.13520275056362152,0.2,2340
236,1181.59,483328,19529,24,0.15000000596046448,-0.08708886852837168,-42.18032455444336,0.7013787,5.497360172057597e-06,-0.9159389486536383,0.0003,0.602783203125,-0.07673629373311996,0.2,2350
237,1181.59,485376,19608,24,0.15000000596046448,-0.07967031564185163,-5.277237892150879,0.73744214,8.45841142549375e-06,-0.8220638344064355,0.0003,0.57705078125,-0.09574543684720993,0.2,2360
238,1215.55,487424,19702,24,0.15000000596046448,-0.08489653932047077,-35.085697174072266,0.787514,7.767326363961047e-06,-0.817960474640131,0.0003,0.583984375,-0.11257200688123703,0.2,2370
239,1163.51,489472,19829,24,0.15000000596046448,-0.08887692367716227,-5.396072864532471,0.98018396,2.9185159890232625e-05,-0.7082908442243934,0.0003,0.565673828125,-0.12093954533338547,0.2,2380
240,1163.51,491520,19904,24,0.15000000596046448,-0.08261154257925227,-6.392707347869873,0.8102009,6.7170526691029405e-06,-0.7371267566457391,0.0003,0.56494140625,-0.11162765324115753,0.2,2390
241,1199.74,493568,19988,24,0.15000000596046448,-0.08092424767673947,-18.901214599609375,0.76879376,4.327837518758315e-06,-0.6492393521592021,0.0003,0.5373046875,-0.11734554171562195,0.2,2400
242,1199.74,495616,20042,24,0.15000000596046448,-0.08059368056128732,-30.63576316833496,0.8316206,9.511883141044563e-06,-0.8122604066506028,0.0003,0.529833984375,-0.1169479712843895,0.2,2410
243,1200.97,497664,20124,24,0.15000000596046448,-0.04936702085833531,-2.176900625228882,0.16513667,1.640894005561222e-06,-1.2534356128424406,0.0003,0.446484375,-0.08257909119129181,0.2,2420
244,1198.7,499712,20226,24,0.15000000596046448,-0.04734601296222536,-1.1482179164886475,0.3823168,8.428095892520915e-07,-1.2091283677145839,0.0003,0.414697265625,-0.06293804943561554,0.2,2430
245,1198.7,501760,20301,24,0.15000000596046448,-0.07884745030023624,-4.2350382804870605,0.6662388,8.175992901726658e-06,-0.6261921984143555,0.0003,0.50673828125,-0.08998697251081467,0.2,2440
246,1239.77,503808,20429,24,0.1599999964237213,-0.09042366283829324,-16.03212547302246,0.7944716,8.560534396906405e-05,-0.7298078125342726,0.0003,0.57529296875,-0.1218046098947525,0.2,2450
247,1239.77,505856,20511,24,0.1599999964237213,-0.03090548815089278,-0.01119375228881836,0.4789554,0.002613419207585821,-0.8954735096544028,0.0003,0.5919921875,-0.08321713656187057,0.2,2460
248,1274.98,507904,20604,24,0.1599999964237213,-0.09091689302877057,-27.290992736816406,0.6831994,0.0006826275561479633,-0.8551354935392738,0.0003,0.590234375,-0.13656280934810638,0.2,2470
249,1274.6,509952,20709,24,0.1599999964237213,-0.0923266845435137,-40.30408477783203,1.2045902,0.0001233921918355918,-0.8188213182613253,0.0003,0.60693359375,-0.11938188970088959,0.2,2480
250,1274.6,512000,20790,24,0.1599999964237213,-0.09216403373866341,-18.78434944152832,0.75827324,2.3630834023435908e-05,-0.8972305679693818,0.0003,0.604443359375,-0.11777932196855545,0.2,2490
251,1237.9,514048,20939,24,0.1599999964237213,-0.07991888104006648,-39.824729919433594,0.655191,9.507241431805369e-06,-0.8034934027120471,0.0003,0.56826171875,-0.1203940212726593,0.2,2500
252,1199.96,516096,21024,24,0.1599999964237213,-0.08040952029987239,-8.215814590454102,0.6652998,4.7037152942408514e-06,-0.8713888313621283,0.0003,0.580419921875,-0.09782115370035172,0.2,2510
253,1199.96,518144,21104,24,0.1599999964237213,-0.06853567737562116,-29.26713752746582,0.77423203,5.418569038084797e-06,-0.7217477072030306,0.0003,0.543994140625,-0.08932624012231827,0.2,2520
254,1235.98,520192,21244,24,0.17000000178813934,-0.07958284450287464,-32.7056770324707,0.802698,5.764764353521912e-06,-0.6957013517618179,0.0003,0.56318359375,-0.11401409655809402,0.2,2530
255,1234.26,522240,21362,24,0.17000000178813934,-0.03518334210239118,-0.0019968748092651367,0.48916295,0.0036293542199530293,-1.0478014208376407,0.0003,0.638330078125,-0.054857246577739716,0.2,2540
256,1234.26,524288,21429,24,0.17000000178813934,-0.09141669689270202,-34.43240737915039,0.772895,0.0006463967164563655,-0.9297511929646134,0.0003,0.60595703125,-0.1314280480146408,0.2,2550
257,1233.53,526336,21543,24,0.17000000178813934,-0.09567883693234762,-20.553787231445312,0.8752576,6.910278799523439e-05,-0.9287044962868094,0.0003,0.614306640625,-0.13237138092517853,0.2,2560
258,1163.57,528384,21665,24,0.1899999976158142,-0.08731521554727806,-28.543983459472656,0.86853504,2.0046676853269217e-05,-0.8511571520939469,0.0003,0.599169921875,-0.10765299946069717,0.2,2570
259,1124.1,530432,21797,24,0.1899999976158142,-0.044389720089384355,-0.0004985332489013672,0.46015012,0.00535452789140436,-1.0419976202771069,0.0003,0.670947265625,-0.031316064298152924,0.2,2580
260,1124.1,532480,21868,24,0.1899999976158142,-0.10344408431556076,-13.988785743713379,0.69521487,0.0011200100835594639,-1.1076472591608764,0.0003,0.657763671875,-0.13114619255065918,0.2,2590
261,1162.31,534528,21964,24,0.1899999976158142,-0.09854203921277076,-10.871715545654297,0.61783767,0.00019407624937457514,-0.9623926909640431,0.0003,0.6083984375,-0.09561166912317276,0.2,2600
262,1053.4,536576,22109,24,0.1899999976158142,-0.09340230017260183,-16.889429092407227,0.69661736,6.874915709431662e-05,-1.0177204232662915,0.0003,0.6259765625,-0.11022798717021942,0.2,2610
263,948.08,538624,22242,24,0.18000000715255737,-0.08952152495621704,-13.77368450164795,0.63329697,3.374227745780445e-05,-1.0123731253668666,0.0003,0.612890625,-0.1197701022028923,0.2,2620
264,949.79,540672,22361,24,0.18000000715255737,-0.09003719888423803,-14.752910614013672,0.7598342,2.7516564981056035e-05,-0.9237755889073014,0.0003,0.605615234375,-0.10841206461191177,0.2,2630
265,949.79,542720,22434,24,0.18000000715255737,-0.03445064953848487,-0.014162898063659668,0.47864932,0.0028526259653858686,-1.0073167685419322,0.0003,0.6197265625,-0.07341936230659485,0.2,2640
266,982.56,544768,22548,24,0.15000000596046448,-0.10066347284882796,-16.070302963256836,0.6490743,0.0005857653485463743,-0.9961293144151568,0.0003,0.621484375,-0.1299138069152832,0.2,2650
267,979.7,546816,22676,24,0.10999999940395355,-0.09750068627909059,-18.680002212524414,0.6933406,9.948464105491439e-05,-1.0365719113498926,0.0003,0.63154296875,-0.1115986630320549,0.2,2660
268,910.24,548864,22799,24,0.09000000357627869,-0.09181143797904952,-16.889068603515625,0.7035297,3.739701830340891e-05,-0.9050481239333749,0.0003,0.608056640625,-0.09939347207546234,0.2,2670
269,910.24,550912,22870,24,0.09000000357627869,-0.0867646564176539,-24.466766357421875,0.7029523,1.3023474905793365e-05,-0.9321767659857869,0.0003,0.598193359375,-0.13203880190849304,0.2,2680
270,942.29,552960,22990,24,0.07999999821186066,-0.09030010546557606,-32.31785583496094,0.8176013,3.7740147410758596e-06,-0.8511768907308579,0.0003,0.602734375,-0.12967944145202637,0.2,2690
271,942.29,555008,23061,24,0.07999999821186066,-0.07584393329161684,-17.644174575805664,0.7019834,3.740670970842075e-06,-0.9186271274462342,0.0003,0.60712890625,-0.09649579226970673,0.2,2700
272,979.64,557056,23153,24,0.07999999821186066,-0.07957641070242971,-35.896846771240234,0.885326,4.181908219891284e-06,-0.7566882934421301,0.0003,0.57275390625,-0.11081711202859879,0.2,2710
273,944.34,559104,23274,24,0.07000000029802322,-0.07840612034196966,-38.24415588378906,0.7737014,1.2898306772157753e-05,-0.8444622427225112,0.0003,0.583056640625,-0.10770541429519653,0.2,2720
274,944.34,561152,23348,24,0.07000000029802322,-0.0903228287876118,-36.821407318115234,0.8268516,1.0857903138550285e-05,-0.806943842023611,0.0003,0.5978515625,-0.11164828389883041,0.2,2730
275,978.85,563200,23430,24,0.05999999865889549,-0.08687879522622097,-25.274274826049805,0.60082555,1.1479327623042934e-05,-0.7920564835891127,0.0003,0.572119140625,-0.11562373489141464,0.2,2740
276,982.61,565248,23522,24,0.07000000029802322,-0.0829710006393725,-23.176349639892578,0.786744,7.151724821241601e-06,-0.7615275692194701,0.0003,0.58798828125,-0.11743319034576416,0.2,2750
277,982.61,567296,23599,24,0.07000000029802322,-0.03005805730863358,-0.011920332908630371,0.5193813,0.003117391974956263,-0.8513330115005374,0.0003,0.577783203125,-0.0518375039100647,0.2,2760
278,1018.38,569344,23717,24,0.09000000357627869,-0.09933960008274881,-21.70093536376953,0.70762146,0.0006052273560726463,-1.0234319057315588,0.0003,0.626513671875,-0.13387778401374817,0.2,2770
279,1018.38,571392,23803,24,0.09000000357627869,-0.04973033301794203,-0.016513824462890625,0.47662386,0.005237409989058505,-1.053317916020751,0.0003,0.630615234375,-0.05243941396474838,0.2,2780
280,1051.72,573440,23899,23,0.09000000357627869,-0.10085539705323754,-11.103561401367188,0.8419776,0.0012161402403307875,-0.998952766507864,0.0003,0.639453125,-0.1419144570827484,0.2,2790
281,1012.94,575488,24042,23,0.10000000149011612,-0.06040886293048971,-0.03848278522491455,0.61204547,0.003475730108038988,-1.0173314515501262,0.0003,0.61318359375,-0.061987705528736115,0.2,2800
282,1012.06,577536,24145,23,0.10000000149011612,-0.07243845537304879,-0.3507554531097412,0.7280843,0.0031941846707923107,-1.0404155865311622,0.0003,0.621337890625,-0.08666415512561798,0.2,2810
283,1012.06,579584,24222,23,0.10000000149011612,-0.100837202159164,-15.4443359375,0.6578985,0.000686516245036728,-1.001802765019238,0.0003,0.630517578125,-0.12511402368545532,0.2,2820
284,1048.91,581632,24321,23,0.10999999940395355,-0.0975169860641472,-19.160465240478516,0.6080612,0.0001218511078945994,-1.091557606495917,0.0003,0.636328125,-0.14242129027843475,0.2,2830
285,1048.91,583680,24392,23,0.10999999940395355,-0.04459970395255368,-0.025602102279663086,0.62982965,0.003216883869549747,-1.0497991893440486,0.0003,0.61572265625,-0.12371352314949036,0.2,2840
286,1087.06,585728,24490,23,0.14000000059604645,-0.09742441219859757,-9.893592834472656,0.69962907,0.0005530435961873081,-1.049663069844246,0.0003,0.6392578125,-0.131831094622612,0.2,2850
287,1054.29,587776,24608,23,0.1899999976158142,-0.05425944956659805,0.021884620189666748,0.59321904,0.007379656265402446,-1.1513077402487397,0.0003,0.68310546875,-0.08573256433010101,0.2,2860
288,1053.77,589824,24689,23,0.20000000298023224,-0.07652987224282697,-0.07665324211120605,0.53195417,0.013338539572578157,-1.2475322265177966,0.0003,0.6578125,-0.0879373773932457,0.2,2870
289,1053.77,591872,24769,23,0.20000000298023224,-0.09492650438187411,-0.4457002878189087,0.5173073,0.004105389338837995,-1.2716745153069495,0.0003,0.66689453125,-0.06456143409013748,0.2,2880
290,1050.03,593920,24919,23,0.23000000417232513,-0.10146925159933744,-7.135376930236816,0.5917598,0.0015094669669451833,-1.1665469292551278,0.0003,0.667919921875,-0.12295771390199661,0.2,2890
291,1048.58,595968,25019,23,0.23000000417232513,-0.06307375260075787,0.017505764961242676,0.44258097,0.00911372615119035,-1.2367299858480691,0.0003,0.64951171875,-0.08631222695112228,0.2,2900
292,1048.58,598016,25119,23,0.23000000417232513,-0.10631063614273444,-23.632863998413086,0.6209142,0.0013037981380875862,-1.2103876369073987,0.0003,0.663330078125,-0.142464280128479,0.2,2910
293,976.77,600064,25264,23,0.2800000011920929,-0.10066515142971184,-14.720727920532227,0.5926346,0.000376906131305077,-1.1166706157848239,0.0003,0.64677734375,-0.12420198321342468,0.2,2920
294,978.32,602112,25362,23,0.2800000011920929,-0.0683839272998739,-0.0004162788391113281,0.42627093,0.013484979153145105,-1.2836464237421752,0.0003,0.69345703125,-0.09022953361272812,0.2,2930
295,978.32,604160,25446,23,0.2800000011920929,-0.10249670935736503,-17.1710262298584,0.66536015,0.0024380288169595587,-1.181442423723638,0.0003,0.649462890625,-0.13887447118759155,0.2,2940
296,976.98,606208,25588,23,0.2800000011920929,-0.10406275549030397,-13.435025215148926,0.6327603,0.0005235098702996765,-1.2039653139188886,0.0003,0.669140625,-0.15095864236354828,0.2,2950
297,941.71,608256,25737,23,0.3100000023841858,-0.0630949270358542,-0.015413641929626465,0.52614397,0.002735824065803172,-1.3204040434211493,0.0003,0.632763671875,-0.04844135418534279,0.2,2960
298,906.0,610304,25868,23,0.3199999928474426,-0.06531475068914006,0.0010849237442016602,0.52703744,0.007483752853659098,-1.3290419202297925,0.0003,0.6400390625,-0.06298571825027466,0.2,2970
299,911.46,612352,26015,23,0.3499999940395355,-0.08551793527149129,-0.13177096843719482,0.4815844,0.0087880330709595,-1.3445602770894767,0.0003,0.674267578125,-0.11890117824077606,0.2,2980
300,870.98,614400,26155,23,0.3799999952316284,-0.08485442240780686,-0.2888000011444092,0.43378016,0.007738732583311503,-1.4568179104477168,0.0003,0.676953125,-0.08950994163751602,0.2,2990
301,870.22,616448,26293,23,0.4000000059604645,-0.0787127253046492,-0.011249423027038574,0.48125717,0.01037287993094651,-1.4440938714891671,0.0003,0.667529296875,-0.0685756728053093,0.2,3000
302,833.3,618496,26434,23,0.4300000071525574,-0.08360401970276143,0.18338865041732788,0.52487016,0.009053021030194942,-1.4630696143954993,0.0003,0.66552734375,-0.11272699385881424,0.2,3010
303,829.43,620544,26570,23,0.47999998927116394,-0.08508447170315776,0.14448869228363037,0.49740624,0.008080958606296918,-1.4434965670108795,0.0003,0.673828125,-0.09098395705223083,0.2,3020
304,825.66,622592,26722,23,0.5199999809265137,-0.08063318151544081,0.21124744415283203,0.47353595,0.010178641699167202,-1.4280518561601638,0.0003,0.65888671875,-0.08768848329782486,0.2,3030
305,792.05,624640,26848,23,0.550000011920929,-0.08554988218820654,-0.013879537582397461,0.676813,0.016425903227354866,-1.2989632979035377,0.0003,0.649560546875,-0.08791013807058334,0.2,3040
306,790.18,626688,26965,23,0.5799999833106995,-0.08816876011696877,-0.21989107131958008,0.6666495,0.0113241442515573,-1.2637503542006017,0.0003,0.655029296875,-0.11102049797773361,0.2,3050
307,790.18,628736,27050,23,0.5799999833106995,-0.07456834319455083,0.07525604963302612,0.4341463,0.006497271449006803,-1.5401364523917436,0.0003,0.553515625,-0.09194882959127426,0.2,3060
308,825.69,630784,27166,23,0.6000000238418579,-0.08279319057473913,-9.0735502243042,0.20827155,0.0007223777613035054,-1.8487289760261774,0.0003,0.4486328125,-0.12034961581230164,0.2,3070
309,756.06,632832,27287,23,0.6399999856948853,-0.07025612164434278,-0.11591041088104248,0.3937559,0.006735437082897988,-1.4734884552657603,0.0003,0.5732421875,-0.10877586156129837,0.2,3080
310,756.85,634880,27376,23,0.6499999761581421,-0.07909532138437499,-0.0008944272994995117,0.60560024,0.012739886340932571,-1.3064178470522165,0.0003,0.6427734375,-0.10911019891500473,0.2,3090
311,792.17,636928,27460,23,0.6499999761581421,-0.10902896904444788,-9.844352722167969,0.48909026,0.001947899071728898,-1.348819736763835,0.0003,0.683984375,-0.14108367264270782,0.2,3100
312,754.91,638976,27587,23,0.6800000071525574,-0.1063267903533415,-12.227770805358887,0.56315935,0.0007009954624209059,-1.2436134062707425,0.0003,0.677490234375,-0.12809479236602783,0.2,3110
313,715.28,641024,27688,23,0.6800000071525574,-0.06557454930443782,0.024479031562805176,0.43478534,0.0099056959097652,-1.3362324688583613,0.0003,0.66845703125,-0.08850689977407455,0.2,3120
314,715.28,643072,27763,23,0.6800000071525574,-0.10656359074928332,-8.036251068115234,0.5316766,0.0016820828822346813,-1.3647309985011815,0.0003,0.683349609375,-0.1257181614637375,0.2,3130
315,718.98,645120,27892,23,0.699999988079071,-0.10562344576173928,-12.903098106384277,0.5132244,0.00035306053853219056,-1.3143106557428836,0.0003,0.67919921875,-0.12615783512592316,0.2,3140
316,718.35,647168,27978,23,0.699999988079071,-0.06608292082382831,0.03434520959854126,0.5463268,0.00987927389323886,-1.3290726989507675,0.0003,0.679638671875,-0.07853633910417557,0.2,3150
317,718.35,649216,28058,23,0.699999988079071,-0.09070407335530035,-0.5272074937820435,0.45063466,0.0036248725480618306,-1.3747508950531482,0.0003,0.676513671875,-0.11982250213623047,0.2,3160
318,755.34,651264,28163,23,0.699999988079071,-0.10904540667834225,-35.79142761230469,0.53023976,0.0006904962141106808,-1.3465243522077799,0.0003,0.6703125,-0.1273423582315445,0.2,3170
319,755.34,653312,28239,23,0.699999988079071,-0.05890995324843971,-0.04368925094604492,0.34138578,0.002782076249150123,-1.5542366597801447,0.0003,0.56240234375,-0.0850742757320404,0.2,3180
320,793.5,655360,28347,23,0.7300000190734863,-0.08776764976500999,-16.07723617553711,0.21512783,0.0003270326578103777,-1.7535837106406689,0.0003,0.49208984375,-0.14127813279628754,0.2,3190
321,720.74,657408,28487,23,0.7599999904632568,-0.06398255626554601,0.07558774948120117,0.38837975,0.009032219392611295,-1.3611385174095632,0.0003,0.642138671875,-0.07762505859136581,0.2,3200
322,717.21,659456,28556,23,0.7400000095367432,-0.08214982716890518,-0.08471357822418213,0.51887393,0.012300436210352927,-1.3069030072540044,0.0003,0.6423828125,-0.10065767168998718,0.2,3210
323,753.59,661504,28626,23,0.7300000190734863,-0.10666424048249609,-13.871859550476074,0.52956784,0.0016314564390086162,-1.2584229320287705,0.0003,0.672021484375,-0.12520800530910492,0.2,3220
324,753.38,663552,28740,23,0.7300000190734863,-0.10583345738850766,-13.996760368347168,0.45492816,0.0004894658634384541,-1.2416602347046137,0.0003,0.653759765625,-0.13670030236244202,0.2,3230
325,717.93,665600,28852,23,0.7400000095367432,-0.06871978737763129,-0.05591452121734619,0.5633393,0.014334710578259547,-1.240923372283578,0.0003,0.671484375,-0.07694145292043686,0.2,3240
326,723.6,667648,28933,23,0.75,-0.08413980138429906,-0.1596587896347046,0.5259154,0.01224718720659439,-1.2898375887423754,0.0003,0.647998046875,-0.08888955414295197,0.2,3250
327,723.6,669696,28986,23,0.75,-0.09444715988793177,-0.5579369068145752,0.7856749,0.005029613643273478,-1.165449201874435,0.0003,0.66943359375,-0.14008739590644836,0.2,3260
328,724.83,671744,29094,23,0.75,-0.10275403672276298,-11.25542163848877,0.5691354,0.001001465860645112,-1.1195387924090028,0.0003,0.660107421875,-0.135633647441864,0.2,3270
329,729.68,673792,29220,23,0.7599999904632568,-0.061221832133014686,0.03401368856430054,0.42906594,0.008216383470244181,-1.307444927468896,0.0003,0.65166015625,-0.09327779710292816,0.2,3280
330,699.83,675840,29337,23,0.8199999928474426,-0.0746349735869444,-0.013731837272644043,0.48586968,0.010214588633971289,-1.3632218431681395,0.0003,0.6427734375,-0.10369901359081268,0.2,3290
331,701.89,677888,29462,23,0.8299999833106995,-0.08116301303962245,-0.01621687412261963,0.4236664,0.014367620128177805,-1.399416370689869,0.0003,0.6662109375,-0.08712159097194672,0.2,3300
332,707.52,679936,29584,22,0.8700000047683716,-0.088141343780444,-0.07787668704986572,0.7782034,0.015069422131637112,-1.3501940477639436,0.0003,0.6724609375,-0.09804746508598328,0.2,3310
333,707.52,681984,29648,23,0.8700000047683716,-0.08133251403342001,-0.04681289196014404,0.52780044,0.013368079036445124,-1.374162933602929,0.0003,0.657470703125,-0.10453987121582031,0.2,3320
334,743.73,684032,29730,23,0.8899999856948853,-0.08934636260019033,-0.6696940660476685,0.48673975,0.003938338714397105,-1.3585228573530912,0.0003,0.663818359375,-0.08122643083333969,0.2,3330
335,741.16,686080,29867,22,0.8999999761581421,-0.08404818663111654,-0.06701242923736572,0.5255364,0.003120057180603908,-1.353897114098072,0.0003,0.659912109375,-0.08541715145111084,0.2,3340
336,742.9,688128,29983,22,0.9200000166893005,-0.07482368059172587,-0.036054253578186035,0.46204346,0.012313058500876651,-1.4028240446001292,0.0003,0.646875,-0.07285597920417786,0.2,3350
337,747.23,690176,30123,22,0.9399999976158142,-0.08672265507775592,0.13951915502548218,0.4819554,0.013067362528090598,-1.362313188612461,0.0003,0.668017578125,-0.10452041774988174,0.2,3360
338,751.66,692224,30241,22,0.9399999976158142,-0.0869355870236177,0.168958842754364,0.54456127,0.010983663857768989,-1.367969523742795,0.0003,0.662939453125,-0.07964099198579788,0.2,3370
339,754.75,694272,30354,22,0.9599999785423279,-0.0868887467397144,0.1594277024269104,0.51615256,0.009879645803448512,-1.306509505212307,0.0003,0.660498046875,-0.10024799406528473,0.2,3380
340,755.03,696320,30490,22,0.949999988079071,-0.08021315113583113,0.03460979461669922,0.51403904,0.01207469160144683,-1.288923618942499,0.0003,0.648388671875,-0.1049899011850357,0.2,3390
341,758.66,698368,30607,22,0.9399999976158142,-0.08606528245290974,-0.04214835166931152,0.50658983,0.00890849893039558,-1.3469962265342474,0.0003,0.667724609375,-0.08506710082292557,0.2,3400
342,760.31,700416,30718,22,0.9399999976158142,-0.08144516304600984,-0.061794161796569824,0.47423184,0.012965203604107956,-1.3479356788098813,0.0003,0.647314453125,-0.0902705043554306,0.2,3410
343,725.13,702464,30839,22,0.9399999976158142,-0.08247357493382879,-0.3759000301361084,0.53919613,0.010161995777889388,-1.2881820395588874,0.0003,0.658251953125,-0.122749462723732,0.2,3420
344,725.6,704512,30957,22,0.949999988079071,-0.08096234828699381,-0.0145341157913208,0.41594407,0.010325585320970276,-1.2918012395501137,0.0003,0.647802734375,-0.09339622408151627,0.2,3430
345,695.73,706560,31093,22,0.9800000190734863,-0.08026175203194726,0.029851555824279785,0.45145023,0.012917965593078406,-1.3438546180725097,0.0003,0.660302734375,-0.13186395168304443,0.2,3440
346,693.84,708608,31211,22,0.9800000190734863,-0.08302994024707004,-0.15996432304382324,0.5325652,0.017008175710361683,-1.3306150499731302,0.0003,0.6416015625,-0.10497326403856277,0.2,3450
347,692.21,710656,31293,22,0.9800000190734863,-0.08246630340436241,-0.06544268131256104,0.57806116,0.013713500447192929,-1.3629780918359757,0.0003,0.634912109375,-0.09955065697431564,0.2,3460
348,692.21,712704,31378,22,0.9900000095367432,-0.07228998766768199,0.013765990734100342,0.21210909,0.0024680088832610635,-1.7752471525222062,0.0003,0.523828125,-0.11256548762321472,0.2,3470
349,689.91,714752,31503,22,0.9800000190734863,-0.0825202135136351,-4.228234767913818,0.14264438,0.0004747976861835923,-1.922307851538062,0.0003,0.44111328125,-0.1139356940984726,0.2,3480
350,622.22,716800,31614,22,1.0099999904632568,-0.07935833845112938,0.18200063705444336,0.5839329,0.01042761720600538,-1.2834604851901532,0.0003,0.666650390625,-0.0921265035867691,0.2,3490
351,623.61,718848,31737,22,1.0,-0.08403632619738347,0.12397587299346924,0.56516826,0.011291055584297282,-1.3029768832027913,0.0003,0.650830078125,-0.10737118124961853,0.2,3500
352,589.55,720896,31852,22,1.0099999904632568,-0.07758416445867625,0.11410748958587646,0.5466611,0.01230732421936409,-1.303806696087122,0.0003,0.6376953125,-0.10469292104244232,0.2,3510
353,590.05,722944,31966,22,1.0,-0.08079335862275912,0.13495880365371704,0.61573213,0.011084106061025523,-1.2050059443339705,0.0003,0.64462890625,-0.11476996541023254,0.2,3520
354,594.27,724992,32086,22,1.0099999904632568,-0.07712776495027356,-0.08389592170715332,0.6354159,0.012982319825823652,-1.2444411471486092,0.0003,0.634521484375,-0.10783186554908752,0.2,3530
355,560.9,727040,32198,22,1.0199999809265137,-0.07874511073459871,0.024013936519622803,0.54420507,0.010177159910745104,-1.2437452556565405,0.0003,0.641162109375,-0.09192091226577759,0.2,3540
356,562.66,729088,32312,22,1.0299999713897705,-0.07665876897081034,0.1022302508354187,0.565068,0.007521194095897954,-1.2619244448840619,0.0003,0.64111328125,-0.08264130353927612,0.2,3550
357,561.81,731136,32426,22,1.0299999713897705,-0.07825611145235598,0.10452353954315186,0.59673977,0.011749732659154688,-1.19449826143682,0.0003,0.635400390625,-0.11576355248689651,0.2,3560
358,557.71,733184,32539,22,1.0099999904632568,-0.07915617920807563,0.024206995964050293,0.7305402,0.013706913698115386,-1.1580787934362888,0.0003,0.634912109375,-0.09682701528072357,0.2,3570
359,556.1,735232,32665,22,0.9900000095367432,-0.08277252814586973,0.05598890781402588,0.70276815,0.009330073111777892,-1.196209462173283,0.0003,0.632421875,-0.10021136701107025,0.2,3580
360,556.1,737280,32737,22,0.9900000095367432,-0.0762089067226043,-0.07380163669586182,0.53329134,0.01032839987274201,-1.2855998761951923,0.0003,0.64619140625,-0.09361645579338074,0.2,3590
361,557.29,739328,32842,22,0.9599999785423279,-0.11073261721758172,-8.476661682128906,0.58110446,0.001510398068876384,-1.2693154741078616,0.0003,0.6923828125,-0.13326716423034668,0.2,3600
362,558.01,741376,32960,22,0.9599999785423279,-0.10014430950104725,-7.820828437805176,0.4886666,0.0005549691901705955,-1.2676610734313727,0.0003,0.66337890625,-0.10931993275880814,0.2,3610
363,554.88,743424,33067,22,0.949999988079071,-0.06065044977585785,-0.028153657913208008,0.44016495,0.008434082501480589,-1.201024905592203,0.0003,0.662744140625,-0.03631804138422012,0.2,3620
364,592.18,745472,33167,22,0.949999988079071,-0.11218373518786393,-16.75581169128418,0.4597245,0.001139382046130777,-1.3474370531737805,0.0003,0.67841796875,-0.14489202201366425,0.2,3630
365,588.12,747520,33287,22,0.9300000071525574,-0.10310796442790889,-28.454355239868164,0.54740655,0.000386516980347551,-1.2558666786178947,0.0003,0.663427734375,-0.13728830218315125,0.2,3640
366,588.12,749568,33362,22,0.9300000071525574,-0.05309100877348101,0.01928621530532837,0.72225875,0.004209429155707767,-1.2664954375475646,0.0003,0.6458984375,-0.05742626637220383,0.2,3650
367,624.32,751616,33477,22,0.9100000262260437,-0.1099718692334136,-23.613628387451172,0.5728798,0.0007178394190759718,-1.2240249108523131,0.0003,0.67978515625,-0.12940794229507446,0.2,3660
368,619.59,753664,33615,22,0.8999999761581421,-0.055421803289209495,-0.02480900287628174,0.40719193,0.0022303069505596796,-1.2335984837263823,0.0003,0.632763671875,-0.04938368871808052,0.2,3670
369,615.63,755712,33688,22,0.8899999856948853,-0.0642767075856682,0.2817866802215576,0.49411356,0.006638937087336672,-1.2529663123190402,0.0003,0.659033203125,-0.07737898081541061,0.2,3680
370,651.93,757760,33773,22,0.8899999856948853,-0.06037739968742244,-0.3488675355911255,0.25017977,0.003919819008297054,-1.7296091340482236,0.0003,0.518115234375,-0.11370536684989929,0.2,3690
371,651.52,759808,33864,22,0.8899999856948853,-0.08812600210658275,-11.348508834838867,0.17078564,0.00034981112758032397,-1.805694244429469,0.0003,0.487353515625,-0.11216720193624496,0.2,3700
372,651.52,761856,33940,22,0.8899999856948853,-0.06774583531660028,0.08748465776443481,0.41996887,0.007201666774744808,-1.3240876533091068,0.0003,0.6796875,-0.06791031360626221,0.2,3710
373,689.05,763904,34057,22,0.9100000262260437,-0.10990460507455282,-13.476021766662598,0.43981326,0.0007423935267524939,-1.4263495933264494,0.0003,0.68291015625,-0.0926947370171547,0.2,3720
374,686.9,765952,34190,22,0.9100000262260437,-0.056633286498254165,0.037610650062561035,0.47807485,0.0073497740610037,-1.3339564189314843,0.0003,0.657080078125,-0.08048160374164581,0.2,3730
375,682.4,768000,34309,22,0.8899999856948853,-0.0721917471906636,0.10371440649032593,0.5670502,0.008543339742755052,-1.3904146406799556,0.0003,0.647802734375,-0.0484422892332077,0.2,3740
376,685.85,770048,34424,22,0.9100000262260437,-0.07163981932608295,0.3178523778915405,0.6317829,0.0064954869769280775,-1.2616510290652514,0.0003,0.63466796875,-0.07956546545028687,0.2,3750
377,686.87,772096,34542,22,0.8999999761581421,-0.0691928093408933,-0.010210752487182617,0.5227426,0.011289920720810188,-1.3297704961150885,0.0003,0.6279296875,-0.07297361642122269,0.2,3760
378,688.4,774144,34659,22,0.8899999856948853,-0.0737922642569174,0.014719128608703613,0.8057444,0.011191087442421121,-1.3143031671643257,0.0003,0.61796875,-0.08341733366250992,0.2,3770
379,689.43,776192,34775,22,0.8999999761581421,-0.07451870316217538,-0.08413302898406982,0.54565555,0.011113746047340101,-1.3181428227573633,0.0003,0.637060546875,-0.08412221819162369,0.2,3780
380,688.16,778240,34872,22,0.8999999761581421,-0.0777067082686699,-0.05886971950531006,0.5125646,0.014589257326588268,-1.3270472958683968,0.0003,0.631982421875,-0.07755444198846817,0.2,3790
381,688.16,780288,34945,22,0.8999999761581421,-0.09269906054541935,-0.15315937995910645,0.375951,0.0037827688260222204,-1.4638305485248566,0.0003,0.67138671875,-0.13457275927066803,0.2,3800
382,692.49,782336,35052,22,0.8999999761581421,-0.11585700568684842,-10.956100463867188,0.44927907,0.0010250612581330643,-1.4398832961916923,0.0003,0.703173828125,-0.1449718177318573,0.2,3810
383,694.65,784384,35174,22,0.8999999761581421,-0.060413144920312335,0.04505574703216553,0.41503823,0.0078040497664915165,-1.3923204835504293,0.0003,0.6435546875,-0.02672421932220459,0.2,3820
384,694.65,786432,35244,22,0.8999999761581421,-0.07301350324996747,-0.1240769624710083,0.54610634,0.00927748138383322,-1.3822770390659571,0.0003,0.643701171875,-0.09859979152679443,0.2,3830
385,728.28,788480,35342,22,0.8799999952316284,-0.11113614819478243,-7.519333839416504,0.49880272,0.0014450213348027319,-1.4004155449569224,0.0003,0.690869140625,-0.147696852684021,0.2,3840
386,722.4,790528,35483,22,0.8799999952316284,-0.07055367333814502,-0.07572722434997559,0.39802003,0.0032769143984296535,-1.4577238477766514,0.0003,0.63671875,-0.023252658545970917,0.2,3850
387,724.36,792576,35604,22,0.8999999761581421,-0.06779579859430669,-0.03715372085571289,0.4674897,0.012664970918558538,-1.3772015321999789,0.0003,0.65625,-0.09677840769290924,0.2,3860
388,722.8,794624,35720,22,0.8999999761581421,-0.07941381443160936,0.09435564279556274,0.46703553,0.015022588278952753,-1.363962932676077,0.0003,0.6544921875,-0.08402352780103683,0.2,3870
389,721.11,796672,35849,22,0.8999999761581421,-0.07878490102739306,0.01743561029434204,0.54575545,0.01180556282706675,-1.4077469397336244,0.0003,0.635693359375,-0.09715864807367325,0.2,3880
390,721.11,798720,35932,22,0.8999999761581421,-0.07872886317272787,0.12834352254867554,0.5880369,0.007696401306020562,-1.3688407335430384,0.0003,0.659716796875,-0.12022048979997635,0.2,3890
391,754.57,800768,36039,22,0.8899999856948853,-0.11062223924382124,-10.150744438171387,0.56502956,0.0013792537571134743,-1.293718272820115,0.0003,0.699560546875,-0.1391908973455429,0.2,3900
392,749.3,802816,36122,22,0.8899999856948853,-0.05787394604412839,0.12310034036636353,0.36318147,0.0044148467679406165,-1.4384456701576709,0.0003,0.660205078125,-0.0686475932598114,0.2,3910
393,764.89,804864,36238,22,0.8999999761581421,-0.07124137145001441,0.11504828929901123,0.44960922,0.003132508821272495,-1.0723426224663855,0.0003,0.584912109375,-0.05892546474933624,0.2,3920
394,765.03,806912,36385,22,0.8899999856948853,-0.07324316322046798,0.14777737855911255,0.50575125,0.012422642802994233,-1.3135530337691308,0.0003,0.675537109375,-0.08250050991773605,0.2,3930
395,765.4,808960,36528,22,0.8799999952316284,-0.0729043193947291,-0.0782240629196167,0.5623747,0.010187116962697473,-1.4018649004399777,0.0003,0.63369140625,-0.08978120237588882,0.2,3940
396,761.14,811008,36668,22,0.8700000047683716,-0.07154464386912877,0.089103102684021,0.50400937,0.008611426979769021,-1.3664635740220548,0.0003,0.63525390625,-0.09709826856851578,0.2,3950
397,721.66,813056,36812,22,0.8899999856948853,-0.07434069373121019,0.13224929571151733,0.5342584,0.011181262110403623,-1.3692501220852136,0.0003,0.640673828125,-0.07733525335788727,0.2,3960
398,691.06,815104,36937,22,0.8999999761581421,-0.07526411087746965,0.35223549604415894,0.46043915,0.011221213321550749,-1.4679404385387897,0.0003,0.636474609375,-0.09469694644212723,0.2,3970
399,691.06,817152,37004,22,0.8999999761581421,-0.0754669992820709,-0.09739935398101807,0.7166364,0.01001239460965735,-1.2916789952665568,0.0003,0.63447265625,-0.08181504905223846,0.2,3980
400,727.28,819200,37081,22,0.8999999761581421,-0.11525834905914963,-8.92475414276123,0.46256164,0.0009774130535333825,-1.466487780958414,0.0003,0.70908203125,-0.14281229674816132,0.2,3990
401,691.03,821248,37182,22,0.9100000262260437,-0.06426289923547301,0.1409604549407959,0.44701663,0.002261651329627057,-1.4322721648961305,0.0003,0.6412109375,-0.0889882892370224,0.2,4000
402,691.03,823296,37261,22,0.9100000262260437,-0.061976964461791795,0.2849498987197876,0.42050177,0.004939743120303319,-1.3788595262914896,0.0003,0.635302734375,-0.05174684152007103,0.2,4010
403,727.27,825344,37368,22,0.9200000166893005,-0.11128239058889448,-14.936450004577637,0.45167398,0.0005129651180595829,-1.4579725347459316,0.0003,0.68955078125,-0.12101064622402191,0.2,4020
404,729.6,827392,37460,22,0.9200000166893005,-0.05777161296864506,0.09703934192657471,0.41688,0.007394581711741921,-1.4280368998646735,0.0003,0.64189453125,-0.0792590007185936,0.2,4030
405,729.6,829440,37531,22,0.9200000166893005,-0.08413788322068286,-0.19600415229797363,0.46157503,0.0030954458183259704,-1.4388435244560243,0.0003,0.669775390625,-0.09137898683547974,0.2,4040
406,732.44,831488,37660,22,0.9200000166893005,-0.11067900900088716,-16.94112777709961,0.4450567,0.0005148479549461626,-1.4472650524228812,0.0003,0.687158203125,-0.1363617330789566,0.2,4050
407,695.32,833536,37782,22,0.9100000262260437,-0.05578369484501309,0.10144174098968506,0.55965674,0.006963956774416147,-1.3776592582464218,0.0003,0.657275390625,-0.08796651661396027,0.2,4060
408,695.73,835584,37894,22,0.9100000262260437,-0.07502026825750363,0.021787822246551514,0.6749807,0.015066302492050454,-1.2743220537900926,0.0003,0.63525390625,-0.08876390010118484,0.2,4070
409,695.73,837632,37966,22,0.9100000262260437,-0.08634274858777644,-0.4494926929473877,0.5716312,0.004730284910510818,-1.3216611359268426,0.0003,0.673681640625,-0.09030801802873611,0.2,4080
410,730.36,839680,38036,22,0.8999999761581421,-0.11189500635664444,-13.275174140930176,0.49267125,0.00067597808656501,-1.3724551293998957,0.0003,0.68818359375,-0.12759611010551453,0.2,4090
411,730.36,841728,38098,22,0.8999999761581421,-0.06708835171884857,-0.12304306030273438,0.30407846,0.003932566491585021,-1.4650844994932413,0.0003,0.64111328125,-0.051122214645147324,0.2,4100
412,765.05,843776,38173,22,0.8999999761581421,-0.08968674128409475,-22.342376708984375,0.1959398,0.0002043039943259828,-1.580867064744234,0.0003,0.49306640625,-0.1307535022497177,0.2,4110
413,765.05,845824,38241,22,0.8999999761581421,-0.08720651717158034,-12.282340049743652,0.5209996,0.00021223052380037188,-1.3327769253402948,0.0003,0.553515625,-0.1252734512090683,0.2,4120
414,804.87,847872,38348,22,0.8899999856948853,-0.10504651457304134,-24.379867553710938,0.5068327,0.00011543126392439262,-1.3251646485179662,0.0003,0.693017578125,-0.13245666027069092,0.2,4130
415,805.05,849920,38467,22,0.8999999761581421,-0.045807660766877235,-0.016141295433044434,0.32169923,0.0038958637740506676,-1.3651859778910875,0.0003,0.678662109375,-0.04524658992886543,0.2,4140
416,805.05,851968,38533,22,0.8999999761581421,-0.07012168856454082,0.06979089975357056,0.46991277,0.008244311014277628,-1.4164371728897094,0.0003,0.6462890625,-0.08711592108011246,0.2,4150
417,839.83,854016,38612,22,0.8899999856948853,-0.11254271921352484,-25.881296157836914,0.57066345,0.0011000569038515096,-1.3671553559601306,0.0003,0.705322265625,-0.1474509984254837,0.2,4160
418,840.19,856064,38700,22,0.8899999856948853,-0.06569356157851872,-0.06570577621459961,0.36069864,0.0027358722074495743,-1.4149476502090692,0.0003,0.642529296875,-0.050298962742090225,0.2,4170
419,851.28,858112,38816,22,0.8899999856948853,-0.06007584902981762,-0.12649178504943848,0.29542714,0.005788631162067759,-1.6139788761734963,0.0003,0.581787109375,-0.07925824820995331,0.2,4180
420,849.39,860160,38902,22,0.8799999952316284,-0.06725059610180324,-0.16472077369689941,0.56987715,0.007318113105066004,-1.4418024629354478,0.0003,0.629931640625,-0.0980587750673294,0.2,4190
421,849.39,862208,38968,22,0.8799999952316284,-0.08518590634630527,-0.24808943271636963,0.44773567,0.0042220206198180675,-1.4502620689570904,0.0003,0.665966796875,-0.10293537378311157,0.2,4200
422,883.41,864256,39094,22,0.8700000047683716,-0.1146658268851752,-27.43565559387207,0.42957568,0.0005383457183143036,-1.4786690454930067,0.0003,0.707421875,-0.1449636071920395,0.2,4210
423,846.63,866304,39212,22,0.8799999952316284,-0.06230178008117946,0.14639067649841309,0.4668784,0.00796868039033143,-1.4387213446199894,0.0003,0.68046875,-0.07877188175916672,0.2,4220
424,845.02,868352,39353,22,0.8799999952316284,-0.06987466882856097,0.19551533460617065,0.61658204,0.010415283196925884,-1.4340806879103183,0.0003,0.644140625,-0.09368020296096802,0.2,4230
425,813.66,870400,39453,22,0.9100000262260437,-0.08007014360955508,-0.023828744888305664,0.7211,0.012975806796021061,-1.3594577349722385,0.0003,0.62919921875,-0.10311209410429001,0.2,4240
426,816.39,872448,39592,22,0.8999999761581421,-0.07499330507853301,0.14275819063186646,0.5281526,0.01275161860321532,-1.4351778510957955,0.0003,0.627392578125,-0.08439188450574875,0.2,4250
427,815.49,874496,39716,22,0.8799999952316284,-0.07852992993139196,0.1461242437362671,0.4051865,0.010567823111705366,-1.499786014482379,0.0003,0.643408203125,-0.12191285938024521,0.2,4260
428,813.52,876544,39855,21,0.8799999952316284,-0.07736589805135737,0.3191984295845032,0.63284624,0.010102935421309666,-1.432890198752284,0.0003,0.6201171875,-0.1091710701584816,0.2,4270
429,777.58,878592,40002,21,0.8799999952316284,-0.07351369937532581,0.046103596687316895,0.51021063,0.012944072591199073,-1.4194266624748706,0.0003,0.61943359375,-0.09758880734443665,0.2,4280
430,758.87,880640,40121,21,0.8600000143051147,-0.07398375885095447,-0.3379538059234619,0.56833386,0.01461501687153941,-1.4038500998169183,0.0003,0.599853515625,-0.06575849652290344,0.2,4290
431,757.76,882688,40213,21,0.8600000143051147,-0.06890335344796768,0.12053608894348145,0.60571235,0.011903181202069391,-1.3893893223255873,0.0003,0.597900390625,-0.11408373713493347,0.2,4300
432,793.3,884736,40314,21,0.8500000238418579,-0.10074393591203261,-3.9339051246643066,0.49973917,0.0016759276290940761,-1.4992095109075307,0.0003,0.692431640625,-0.13872691988945007,0.2,4310
433,790.11,886784,40454,21,0.8700000047683716,-0.11266880438633961,-22.693838119506836,0.42698532,0.0004633823253243463,-1.5117222111672164,0.0003,0.6994140625,-0.12634655833244324,0.2,4320
434,788.32,888832,40596,21,0.8799999952316284,-0.06550286938145292,0.04527157545089722,0.42606288,0.011338311301733484,-1.4364433709532023,0.0003,0.675341796875,-0.06677813827991486,0.2,4330
435,785.52,890880,40685,21,0.8700000047683716,-0.07325316827482312,0.026437699794769287,0.48885345,0.012534080097975676,-1.4825492784380914,0.0003,0.647705078125,-0.0625416487455368,0.2,4340
436,785.52,892928,40761,21,0.8700000047683716,-0.10571101241221185,-6.187002658843994,0.5493692,0.0016655745958814804,-1.4014634288847447,0.0003,0.697802734375,-0.1081986278295517,0.2,4350
437,822.83,894976,40908,21,0.8500000238418579,-0.11008168592816218,-40.106361389160156,0.44368863,0.00046612740693490194,-1.441725829616189,0.0003,0.698583984375,-0.13947296142578125,0.2,4360
438,823.32,897024,41030,21,0.8500000238418579,-0.05936542620474938,-0.027098655700683594,0.4186038,0.008549308693181957,-1.4363874264061451,0.0003,0.65107421875,-0.07656730711460114,0.2,4370
439,788.48,899072,41158,21,0.8399999737739563,-0.055337542478810064,0.13480734825134277,0.43579096,0.007012228971143486,-1.4608099143952131,0.0003,0.642333984375,-0.06473338603973389,0.2,4380
440,752.85,901120,41258,21,0.8299999833106995,-0.0693094611458946,-0.28462064266204834,0.4536897,0.006436703522558674,-1.4920070067048072,0.0003,0.648779296875,-0.042938102036714554,0.2,4390
441,752.85,903168,41332,21,0.8299999833106995,-0.1078294205275597,-4.1188812255859375,0.44266164,0.0010405458415334579,-1.5390554066747426,0.0003,0.694189453125,-0.14756914973258972,0.2,4400
442,794.22,905216,41443,21,0.8199999928474426,-0.1116442097190884,-32.934814453125,0.47493154,0.00024067958729574458,-1.4679809026420116,0.0003,0.70302734375,-0.1414097100496292,0.2,4410
443,758.53,907264,41586,21,0.8299999833106995,-0.06053505095769651,0.07384878396987915,0.3987785,0.007111399017230724,-1.510632347688079,0.0003,0.690966796875,-0.07488862425088882,0.2,4420
444,756.35,909312,41733,21,0.8199999928474426,-0.06651805515866727,0.10069692134857178,0.4225217,0.007574404853039595,-1.4367720626294613,0.0003,0.63466796875,-0.10305744409561157,0.2,4430
445,649.9,911360,41879,21,0.8500000238418579,-0.06795843370491639,0.2059982419013977,0.49924448,0.010223765154660214,-1.4604503758251668,0.0003,0.63896484375,-0.11137104034423828,0.2,4440
446,647.07,913408,42002,21,0.8700000047683716,-0.07568528915871867,0.24375790357589722,0.70035404,0.012151391031511593,-1.4732374172657727,0.0003,0.635791015625,-0.09980987757444382,0.2,4450
447,643.27,915456,42086,21,0.8600000143051147,-0.07736730737960898,0.3441264033317566,0.5519964,0.010921716930170078,-1.4098100908100606,0.0003,0.63603515625,-0.07991738617420197,0.2,4460
448,678.63,917504,42176,21,0.8500000238418579,-0.11773184298945125,-12.960142135620117,0.451284,0.0014889195846080837,-1.513140208646655,0.0003,0.718017578125,-0.14595097303390503,0.2,4470
449,626.68,919552,42320,21,0.8299999833106995,-0.11436567391792778,-26.84318733215332,0.43710798,0.0004073678532449776,-1.5039851810783147,0.0003,0.709130859375,-0.13979412615299225,0.2,4480
450,621.95,921600,42445,21,0.800000011920929,-0.056605119945015756,0.17308247089385986,0.36182567,0.0041957896602980325,-1.4447659157216548,0.0003,0.6193359375,-0.09317056834697723,0.2,4490
451,621.95,923648,42527,21,0.800000011920929,-0.08331539681821595,-2.4840481281280518,0.489792,0.001212916845406653,-1.5616544853895902,0.0003,0.662890625,-0.11881180107593536,0.2,4500
452,622.58,925696,42620,21,0.7900000214576721,-0.11153262743318919,-22.80706024169922,0.4803881,0.0002516289095638058,-1.5040227875113488,0.0003,0.705126953125,-0.11775830388069153,0.2,4510
453,621.5,927744,42738,21,0.7599999904632568,-0.09569378415762912,-10.614276885986328,0.45229897,0.00016803670571334804,-1.4696226205676794,0.0003,0.686328125,-0.13204190135002136,0.2,4520
454,621.88,929792,42879,21,0.7300000190734863,-0.05006315688078757,0.03564143180847168,0.3172286,0.004312163111353584,-1.480696477368474,0.0003,0.661572265625,-0.045542217791080475,0.2,4530
455,619.87,931840,43009,21,0.699999988079071,-0.0710154428408714,-0.05033433437347412,0.4881443,0.009817276071044035,-1.5254533112049102,0.0003,0.651611328125,-0.07601406425237656,0.2,4540
456,615.85,933888,43153,21,0.6899999976158142,-0.07544364739733282,-0.14359867572784424,0.5148638,0.004926495590370905,-1.4394530303776265,0.0003,0.642236328125,-0.04944342002272606,0.2,4550
457,618.27,935936,43275,21,0.699999988079071,-0.0715881441894453,0.12543535232543945,0.42858738,0.010069092531921342,-1.5339837979525328,0.0003,0.632373046875,-0.0880318135023117,0.2,4560
458,618.11,937984,43369,21,0.699999988079071,-0.07474431340524461,0.3001561164855957,0.5049451,0.008279790097731166,-1.4478071928024292,0.0003,0.6357421875,-0.07674770057201385,0.2,4570
459,654.4,940032,43451,21,0.6899999976158142,-0.11040741022734438,-6.673792839050293,0.5026635,0.0014175437923768185,-1.485353809222579,0.0003,0.70986328125,-0.14736460149288177,0.2,4580
460,652.29,942080,43581,21,0.6800000071525574,-0.11187000690260902,-7.130914688110352,0.5123121,0.0004908790082481573,-1.4632226534187793,0.0003,0.709423828125,-0.10812001675367355,0.2,4590
461,654.25,944128,43685,21,0.6800000071525574,-0.06021312605589628,-0.04075264930725098,0.5133921,0.009366617458726977,-1.2850909687578678,0.0003,0.649267578125,-0.07434900104999542,0.2,4600
462,654.25,946176,43758,21,0.6800000071525574,-0.06692008003446973,0.0044869184494018555,0.508633,0.005015933359391056,-1.3090680938214063,0.0003,0.6556640625,-0.0984308123588562,0.2,4610
463,690.71,948224,43857,21,0.6800000071525574,-0.11201461268938147,-20.40701675415039,0.4880657,0.0006196889942657435,-1.4677714116871357,0.0003,0.7083984375,-0.1365339756011963,0.2,4620
464,690.71,950272,43928,21,0.6800000071525574,-0.05949181846808642,0.14962488412857056,0.42096853,0.001743528139695627,-1.4941732991486787,0.0003,0.645166015625,-0.10229034721851349,0.2,4630
465,728.4,952320,44027,21,0.6700000166893005,-0.11520765010209288,-23.9149227142334,0.46623236,0.00040723972222167504,-1.4752359461039304,0.0003,0.7109375,-0.109334297478199,0.2,4640
466,731.13,954368,44162,21,0.6399999856948853,-0.0505244282860076,0.04818224906921387,0.29362464,0.002199087326061999,-1.486219421774149,0.0003,0.613623046875,-0.044967055320739746,0.2,4650
467,731.13,956416,44244,21,0.6399999856948853,-0.07249982297653332,-0.26509058475494385,0.4243018,0.0028721338543618914,-1.54221730530262,0.0003,0.6537109375,-0.08153826743364334,0.2,4660
468,732.7,958464,44339,21,0.6399999856948853,-0.11419833060353994,-27.010202407836914,0.48891196,0.0004828304350894541,-1.4453646283596755,0.0003,0.709130859375,-0.1254602074623108,0.2,4670
469,733.65,960512,44464,21,0.6299999952316284,-0.045122910910868085,0.025493741035461426,0.29869768,0.0010058935009965354,-1.5100081071257592,0.0003,0.59326171875,-0.08598402887582779,0.2,4680
470,736.97,962560,44612,21,0.6200000047683716,-0.04535579453659011,0.2540087103843689,0.77885747,0.0099822071424569,-1.442409673333168,0.0003,0.64541015625,-0.10913173109292984,0.2,4690
471,701.93,964608,44705,21,0.6299999952316284,-0.07899212267948315,-0.3262850046157837,0.47588524,0.01122484013721987,-1.5194402564316989,0.0003,0.633740234375,-0.09290969371795654,0.2,4700
472,701.93,966656,44771,21,0.6299999952316284,-0.08229764753050403,-0.3386104106903076,0.3893097,0.003232739201575896,-1.5684444986283779,0.0003,0.6744140625,-0.13531115651130676,0.2,4710
473,737.95,968704,44866,21,0.6299999952316284,-0.11134027387161041,-28.661312103271484,0.45372695,0.0006297719702615723,-1.478209026530385,0.0003,0.709912109375,-0.139971524477005,0.2,4720
474,737.95,970752,44946,21,0.6299999952316284,-0.05500463879579911,-0.04438889026641846,0.40660536,0.002622307980345795,-1.4891688749194145,0.0003,0.61630859375,-0.09622114896774292,0.2,4730
475,774.39,972800,45029,21,0.6200000047683716,-0.11291131656762446,-38.87737274169922,0.48348895,0.0003737344468390802,-1.4334893472492696,0.0003,0.70400390625,-0.13592460751533508,0.2,4740
476,774.39,974848,45101,21,0.6200000047683716,-0.09622971348144346,-31.116085052490234,0.4287755,0.00010367358377720848,-1.455011386051774,0.0003,0.670166015625,-0.1284569352865219,0.2,4750
477,808.65,976896,45211,21,0.6100000143051147,-0.09899024910919252,-37.50753402709961,0.4801609,5.6678459834813566e-05,-1.356199213117361,0.0003,0.6720703125,-0.12943147122859955,0.2,4760
478,809.61,978944,45329,21,0.6600000262260437,-0.05943323240499012,0.004185974597930908,0.53898865,0.007053580106548907,-1.4625470831990242,0.0003,0.718017578125,-0.03369169682264328,0.2,4770
479,811.85,980992,45454,21,0.6800000071525574,-0.07203404332394711,0.10442781448364258,0.6064831,0.015397154745733133,-1.4641928121447563,0.0003,0.635009765625,-0.0778469666838646,0.2,4780
480,772.08,983040,45562,21,0.6800000071525574,-0.0756683827668894,-0.35779714584350586,0.5602459,0.010103556778267376,-1.5242387920618057,0.0003,0.63916015625,-0.10998303443193436,0.2,4790
481,772.08,985088,45616,21,0.6800000071525574,-0.08003530888963724,-0.2373354434967041,0.45919287,0.006319288480881369,-1.4706289295107127,0.0003,0.654638671875,-0.1169533059000969,0.2,4800
482,808.81,987136,45719,21,0.6700000166893005,-0.11829604392842157,-19.41185760498047,0.41819054,0.0006920224313489598,-1.5648264791816473,0.0003,0.717333984375,-0.1541837602853775,0.2,4810
483,809.75,989184,45822,21,0.6700000166893005,-0.05747523656173144,0.06917065382003784,0.30221558,0.0040973895782371985,-1.584608018770814,0.0003,0.647607421875,-0.10495486110448837,0.2,4820
484,809.75,991232,45881,21,0.6700000166893005,-0.07073508141911589,0.08452165126800537,0.47770482,0.00809612232442305,-1.5422844201326371,0.0003,0.619921875,-0.07956204563379288,0.2,4830
485,846.61,993280,45970,21,0.6700000166893005,-0.11291816957964329,-12.892603874206543,0.33282906,0.0007267153533575766,-1.590790744498372,0.0003,0.697509765625,-0.14309458434581757,0.2,4840
486,848.75,995328,46085,21,0.6700000166893005,-0.057094548325403595,0.1607632040977478,0.30541694,0.0034781093735546166,-1.5969730973243714,0.0003,0.6328125,-0.06999864429235458,0.2,4850
487,851.46,997376,46221,21,0.6600000262260437,-0.07038397592550609,0.02575737237930298,0.5761311,0.011595986973406979,-1.4961151752620936,0.0003,0.610498046875,-0.0820709690451622,0.2,4860
488,850.91,999424,46290,21,0.6600000262260437,-0.07795654181391001,-0.01658761501312256,0.63985145,0.012708774219936459,-1.5016438130289316,0.0003,0.634716796875,-0.07368222624063492,0.2,4870
489,850.91,1001472,46351,21,0.6600000262260437,-0.08323874811758288,0.055349528789520264,0.48406553,0.009253809968504357,-1.5471965242177248,0.0003,0.6708984375,-0.10446852445602417,0.2,4880
